height,shift,merit,gaplen,difficulty,time_utc,adder,startprime
7308,25,32.922115,6396,22.419310,2014-11-02 16:59:54,31380503,2362114383441832500322011387943037977164194150997773091406607778787608479543714567191
9877,24,31.613721,6114,22.536923,2014-11-07 00:20:19,12811961,980089366681881147959473218252144159191361852510077987711125331173162691855573548729
10344,20,30.139942,5756,22.403990,2014-11-07 20:05:07,4091,87044522570808254690133861272401276365433809832261059552625715908845913803551936507
13348,64,30.070859,6662,22.481791,2014-11-12 19:30:43,12787375,1640857347850912224277732157826100166913263833086215520512882116908800114422694502890374313483951
14487,25,30.265846,5884,23.517067,2014-11-14 11:12:25,9339929,2700422459835359371730825097455645470279032415634704749142332961760400035900942091289
14738,64,33.322810,7384,23.592277,2014-11-14 21:44:19,124519027,1719070901587658153396041806214119371074070897051116481625046464677216472312312432816588367594099
15724,64,30.542654,6760,23.453365,2014-11-16 14:14:21,39922467,1325314215403732093075455102651464804737099252120284848431614806047476699723840701872402713357091
16197,20,30.380075,5796,23.405694,2014-11-17 08:56:32,641487,71775677409583070101969585804743612991344689054629956384773124001057390443731995087
18103,25,31.366571,6100,23.366916,2014-11-20 11:37:53,4146259,2878899419627183790884110759420141803560355720895312720118521707785759130834052269139
19026,25,30.550817,5942,24.048254,2014-11-21 20:00:03,25758047,2940182267493010409048829173189627891456943621230755831814208057000151674872553605471
19154,25,30.831539,5990,23.902308,2014-11-22 01:33:48,2033203,2373645487937610647630228123905335748818561674890215028517953028524898950915735619123
20213,25,31.144794,6058,24.253948,2014-11-23 17:36:14,5287321,2985278217978472334738056906477521460050544881788501611375185329497262518558537067929
20959,25,32.788783,6382,24.289790,2014-11-24 21:56:59,27689883,3395966724351934369903260747780789668707583057792736565103179296737321854001429775259
21040,25,31.439715,6118,24.203260,2014-11-25 01:26:16,925575,3246225795486984119979120840918610947366858245248162007595857395446671723518676049799
21352,25,30.488065,5928,24.284343,2014-11-25 12:58:55,32429833,2772065364385107410276853518466928671827605912164607203753139067547175676110173034249
21502,25,30.528623,5926,24.319165,2014-11-25 18:27:39,16248703,2005246683632224615607420000790292117741611887120654826485675436646373004977529941887
21533,25,31.684083,6154,24.379377,2014-11-25 19:23:44,31053435,2254363575875145299942171393941944978106339026844778843949427012273448200607459038843
21746,25,30.912307,6020,24.101692,2014-11-26 05:03:37,1243559,3770824234544213106283021247938003753731781660784481232430794364092760898489866713511
21970,25,30.038108,5832,24.322626,2014-11-26 12:20:26,25521993,2088035308765005643013522005277606553042985409315569933245269170845429221371180052297
22368,25,30.764177,5992,24.063451,2014-11-27 04:47:06,5586405,3876152566301659805595458250060778601124239408973721420466090183985288788002899049957
24561,25,30.341041,5894,24.530801,2014-11-30 14:05:53,15726213,2319108175989998943855062907323083636808456860943141705699773365276828612069111625349
24566,25,31.003528,6024,24.538681,2014-11-30 14:13:17,2020825,2418920428957387546970272728854338641184630956556048379032316838744709772690822452697
24590,25,31.058913,6042,24.594633,2014-11-30 14:53:08,19360285,3053778915963619547775927162637062866216023300619964856316227574871480851324660574749
24775,25,30.427755,5922,24.583552,2014-11-30 22:01:42,31632063,3346080228885547741820465330467361106390706191829704223340980103907571487947467434687
24927,25,31.896955,6206,24.236209,2014-12-01 05:43:49,13098803,3148349445561434175249602953388114435765250663306941280953422061181635699167703064371
24956,25,30.730200,5982,24.187147,2014-12-01 07:02:35,23490639,3472177791431285388629401910877966104378185965868674266100180581855157341210951446607
25544,25,30.000388,5832,24.360136,2014-12-02 04:21:39,6019437,2665353819359300228672097858392156384802214183823661044058447971613784833360928692589
25709,25,31.305375,6078,24.483337,2014-12-02 09:45:21,32998363,2085096870735499498404818891034662765203147394782751590726542266546841613540043228123
26064,25,30.019342,5832,24.764394,2014-12-02 21:55:10,13535799,2357484704990628466765636577334158344102480241279578948485026820109898406278982437431
26225,25,30.331831,5906,24.432412,2014-12-03 06:00:57,7051315,3653897121352818511923892751316512320091094336410782121652652780685440219997035796531
27047,25,31.557157,6138,24.521359,2014-12-04 12:45:31,16552911,2965563793864512694445972701150928562466097419755590462196272855593372000552566428623
27769,25,31.947953,6220,24.689220,2014-12-05 15:40:44,30261203,3576963326268688741371715490932237287278942770058349602052323165559412666301644914643
27819,25,30.801864,5984,24.759338,2014-12-05 17:15:08,21537317,2355631272008848566660188851384034659348666009959393850471213736930776906336066642469
28074,25,30.814594,6000,24.588548,2014-12-06 03:44:09,13578923,3653857168316921599810626284134049321606109870134123747175960491853082149648272929451
28592,32,33.083536,6602,24.714713,2014-12-06 22:33:46,411109793,463268274391603981983735722453098062453905910312204314812234413057440373576534679685537
29389,25,31.418898,6118,24.413844,2014-12-08 06:09:54,5010749,3692931600700791497615405405128654999083378328629615031794084506128348531012211078461
29703,25,31.192286,6062,24.691070,2014-12-08 16:32:58,28005935,2523821653220319596472013264984644706366645905150128894632501976835044234806824752687
29857,25,30.479607,5934,24.680313,2014-12-08 22:22:29,4639167,3562288357412743091405048984659306558718883470293217633051514503453577832993447659967
29898,32,32.772981,6528,24.549566,2014-12-09 00:32:29,2758442409,320963126187563325800868292403702560291705014280695804929219895522691009234975467404713
30143,25,31.214219,6072,24.498402,2014-12-09 10:08:50,5272071,3033101017757875760521345614255309866672181239684503653642538178871089322969407713799
30577,25,30.831101,5994,24.304385,2014-12-10 03:17:07,18093781,2709935834706441796507005158324310214807415055072986265381972211591924750827776120533
30663,25,30.596966,5958,24.290693,2014-12-10 06:38:05,14477589,3698929913671066912239208937789353195933248561285098184862387194963312351959207176469
30692,25,32.001831,6228,24.319754,2014-12-10 07:41:59,27929705,3309238514465677076764906639151091706761502358261335816975245842385287809825151528041
31550,25,31.247644,6086,24.352016,2014-12-11 16:12:12,26766883,3855625318832928969895238286672260851434755084154186934727642058144991591044721700387
32063,25,32.584630,6340,24.285849,2014-12-12 12:25:05,29099547,3168040814566558898446213663665977656652280987388937721568213802933445143049304540699
32950,25,30.184496,5878,24.525567,2014-12-13 21:19:33,1623877,3738139537918529561470139740601283677417681181525274130275350148855865813255780353861
33184,25,31.530558,6138,24.188212,2014-12-14 08:00:42,31680915,3494347147783681802397996900846297707209529155272350540510803505026664360202201164179
33517,25,31.442204,6114,24.650649,2014-12-14 18:30:44,4134243,2814730928583837176113813352557095948209632477669759192861273166625824766079281337699
33677,25,30.910176,6006,24.187523,2014-12-15 03:08:02,17154357,2429772353984880009286712301551603180350765325240204398820929604113571983191374676277
33922,25,31.777407,6174,24.267556,2014-12-15 12:13:12,32405635,2391281581032638587383979977144988542392370874708409267708656524837486859946835212419
34230,25,30.639099,5954,24.424910,2014-12-15 23:08:42,8128043,2483622229632182295194267118683808296385216807607112577838148997206496120195402958379
34457,32,30.069719,5998,24.192308,2014-12-16 08:53:42,2898114755,425226959391522442787371563560243459157324836889115699205374074571744660539315175930051
34592,25,30.355243,5898,24.336467,2014-12-16 13:21:47,18787663,2415898642137386770964158534991842930487842551284351309466695618125883328958245547343
34832,25,32.219569,6270,24.383631,2014-12-16 22:30:57,29762595,3270964771868759514958394375845505815558176652079670854139757695302343035708600886307
35257,25,30.491338,5934,24.190629,2014-12-17 15:44:40,18007821,3305199728645219442386193702025315270419312142822546109862407947971177125788798600973
37086,32,30.610248,6108,23.758613,2014-12-20 15:51:35,3533638063,456627145473768509606347488730526964231198904731619026757803886926656472379664902326703
37421,25,31.441975,6104,23.519225,2014-12-21 06:37:14,25373507,2050817683981203028429356627920595391321785921854102135615441696261401911785681005379
38867,25,30.843704,5990,23.506067,2014-12-23 14:25:17,15212375,2198563164787774983097302295179824244389462925766524786816824301282242650566967172951
39229,25,33.489124,6512,23.238503,2014-12-24 05:50:18,18144599,2812402497073977743020636535223217439275742836018726694405458809004161229459920575831
39276,25,30.094031,5842,23.286232,2014-12-24 07:25:19,14346751,2029372559579310602844839751066604189259552058932109602843171030331473973994229262847
39571,25,31.055993,6030,23.659346,2014-12-24 16:51:21,23125387,2113350644211590427860926802869276060171054451512985633827897831899254975295333129611
41505,25,30.597133,5950,24.523062,2014-12-27 14:04:43,17231771,2844868189850670267187782381142394724613278583777737961060785411328875163540519317403
41800,32,30.365465,6060,24.409526,2014-12-28 01:49:08,148969119,469501363378673069917987771335958882518548338124654269008588234606650830684986091312799
41994,25,30.039031,5850,24.462223,2014-12-28 09:12:47,7554393,3779079409016858083691306933151128158556078604797858197888533993021974241943164765529
42132,25,33.270068,6462,24.642302,2014-12-28 13:41:04,6602653,2251254518045054218520967202663815703866269494211308564741520032415327841464082546589
42211,25,30.263854,5880,24.675475,2014-12-28 16:24:36,8403477,2396559457482216802218442469240358358085773886766878960663210358221142897318514670101
42222,25,31.193822,6066,24.706073,2014-12-28 16:34:41,33187955,2841787783050247899888878225421667957279242885004595338915610925647914764088597178483
42965,25,31.045190,6030,24.698472,2014-12-29 20:35:07,26209809,2261075670255040933564322628883101990914255099219559089339201060975965192891963272721
43837,25,30.397399,5902,24.133793,2014-12-31 09:09:45,21257817,2104763875142332124506751598837472527669423637788352163206946497391916142544975847001
43988,25,30.140700,5870,24.425927,2014-12-31 13:24:13,14932735,3804285399134075590129870094001188695842484323854567207531187371107629685805571889919
44019,25,30.395351,5904,24.452033,2014-12-31 14:24:52,27862161,2277516409500243408710617096337864604701302978876170786078699066097252448979122726033
44085,25,32.592241,6344,24.482978,2014-12-31 16:38:04,11305607,3422618249061475234870517701126206555162185112475760916101776897519854737372906029703
44149,32,32.035706,6384,24.456620,2014-12-31 19:13:54,906499531,350898184859467708738992936131877035758188432308393809586181942979255445643372016440779
44207,25,30.478857,5936,24.504224,2014-12-31 21:06:05,9213719,3822142448316126213786093468117521592946509262902206591149927780724679884390217324311
44723,25,30.431368,5916,24.330237,2015-01-01 17:33:26,31029929,2684570427183149719226030752108576793452143241988036670600849722460393831937735228073
45357,25,31.867195,6202,24.404926,2015-01-02 16:49:49,15500377,3330275028088943808902143261944009324805587160733705611223279937350765805743656174681
45366,25,31.479097,6126,24.425132,2015-01-02 17:05:44,20704943,3281105092143877844894807783328484826711567792579070070976191248500579499137358884527
45638,25,30.122139,5862,24.098252,2015-01-03 05:14:10,29433235,3288880757453793546486962331447922793803721669254203405569202885937220081649660796307
45897,25,30.495946,5934,24.367952,2015-01-03 13:36:03,8625465,3209419223438278862489457826302087582220800427717512080891884053663123718978935168313
46374,25,30.506613,5940,23.989136,2015-01-04 09:41:05,9942321,3650015716323752174088539271560814926391483069952387867845542957353786273238909170993
47776,25,30.745073,5970,23.829388,2015-01-06 15:54:22,17865687,2138930531248017570929573666400424861963969810465681408111683889804818850621026245591
48867,25,31.056111,6032,23.684303,2015-01-08 10:49:29,20847049,2252265551524501596290087139048093066792489026316956284947170226921730368117908838857
49322,25,30.100249,5860,23.509140,2015-01-09 05:24:31,5124055,3545322543014065587023160107027668619023138266903187744340820628310876857986112696279
49606,25,31.342945,6102,23.919777,2015-01-09 14:25:47,1194487,3553072921284439239282282020653165858510168724131948557996462752365780688788765424119
50268,25,30.538907,5940,23.702027,2015-01-10 16:48:36,30227013,2970802750193876059699016266309869638453933352153062518681137543319149840227510336069
50556,25,31.230649,6072,23.538865,2015-01-11 04:46:36,20180271,2738048597573500539076243361323638883514332644196874874180944749215007851132975574319
50763,25,30.451234,5926,23.649225,2015-01-11 12:17:53,10835207,3284075733008608915099034259877540722428430295247070211589446275994733841340743111943
50991,25,30.774740,5976,23.765534,2015-01-11 20:21:21,22811101,2155632868473188884201637852631435583526004942217990264172108853440406319830570635741
51552,25,30.913016,6006,23.917106,2015-01-12 17:26:33,6627169,2386786288502879906862662112374007921855385751070856830144574100384124129596271828833
52305,25,30.679941,5958,24.025798,2015-01-13 21:34:51,10410991,2184527502928578491282884270165529966644185071293813861834344451390693183450284743663
52529,25,30.057835,5852,23.789876,2015-01-14 07:13:50,30849301,3575785052933776735785607850657653403299554188064894540505405948108716097221298665749
52554,25,30.969091,6024,23.812209,2015-01-14 08:03:38,22069629,3002290712730263857557301658781552874899029974628570874282144564071245709562556236157
52791,25,30.061379,5848,24.068144,2015-01-14 15:55:53,19598425,3059251629336659627107592109773372861158059280470388152207026950332030955556445031513
53039,25,31.673570,6164,23.811800,2015-01-15 02:39:17,1698405,3297142057335523204997733094307610675010302952368299808577323269175449070354709473893
54369,25,30.025210,5836,23.463637,2015-01-17 07:30:15,27616097,2593088551720418907410584146312385540718378772425785434887821818547020706955093435233
54562,25,30.673318,5958,23.649830,2015-01-17 13:53:08,5659163,2278082547363109553544779311208369883009101799102895506641884025266507548137243433499
54852,25,30.624476,5952,23.957306,2015-01-17 23:34:49,32419053,2552816544772887480949934519522254312177573861122436042399222111715149692861317819629
56057,32,30.568686,6086,24.033480,2015-01-19 22:14:17,384857881,291628245161840470233041012689569453910352095838102456061306442309571385628176199743257
57024,25,30.296676,5884,23.700514,2015-01-21 12:56:28,29889981,2215716439231632804321671386735664211453413404937245267295395893521425101745302279613
57309,25,31.304819,6092,23.785853,2015-01-21 23:21:25,27883153,3272249008543439541923789778061628841654203620259189029398661143293986213820539434641
58104,25,30.156902,5872,23.456953,2015-01-23 07:19:36,8078573,3661273529277578465346488210294856387565792036749386485638324406059952292379202634989
58167,25,32.998151,6422,23.502927,2015-01-23 09:33:17,26269207,3319507938051390847152124649195905416277749027041020340407982926458713084244660377111
58266,25,30.569293,5952,23.636386,2015-01-23 12:33:45,12001861,3625675123541747193056888890608681305106049058037588292535183987923956764361639797317
58591,25,31.469819,6126,23.800602,2015-01-24 00:31:53,4513965,3474862961364689808290626605673930267663411162970450986035996757471287269040268304557
59829,25,30.339046,5904,23.854861,2015-01-25 23:53:02,18067461,3266004725315932109904889820346341676130259478650798049643144607540999484987843784709
60791,32,30.059117,5994,23.566584,2015-01-27 14:41:41,837027043,399377298447667972255176184357505502712204337225620784003531793370756917401073429513443
61365,25,32.106329,6252,23.849281,2015-01-28 11:39:45,18244031,3709196276194849815884768834982292163764775794669509044561417874190230748340090724799
62552,25,30.499939,5928,23.741100,2015-01-30 10:10:21,14775031,2569981000072693913462613756226222163764809531493875026497610866704120018214747992823
62556,25,31.536645,6122,23.698085,2015-01-30 10:28:26,5154829,2026338774234534622158831324054815580691725248080117510483046582030205456292021970957
62696,25,31.910176,6198,23.875192,2015-01-30 14:56:08,8434121,2260451767208897513295438689556438343423994177848980992978781235862382485520177476041
62784,25,30.351143,5894,23.919677,2015-01-30 18:00:55,7453733,2173912978574309204514312066282898891832970811207197395696462773650174532767683034149
63006,25,30.857462,6000,23.785261,2015-01-31 03:13:01,5392831,2787894262996051954686348019177002923466704960301632922923673701702143609638833244607
64397,32,30.286995,6032,23.745161,2015-02-02 09:31:04,944390913,312387586072018220063918645015235935125749413405050740260977308223788429008090887242497
64468,25,31.343052,6102,23.795968,2015-02-02 11:55:50,8458461,3550700729848867838461958626754336836016486630657646631928140266551655809727904944349
64619,32,30.017376,5986,23.973099,2015-02-02 16:47:49,2351544547,403704760742013637606342023504678483868631438850176415951127598786469987000893947099363
64984,25,30.152395,5868,23.537095,2015-02-03 09:12:07,18193347,3301117979775630822678330724812050002194736414226066862653950458366177248587684355011
65793,25,32.155025,6254,23.563141,2015-02-04 16:07:19,29279305,2939138429673658658030719553098889123171340609497262670736391673814350437367773316169
66586,25,30.053992,5850,24.061161,2015-02-05 20:10:08,6490569,3429916923175628059641775761603455613541519660883978435235551089077138271906891499977
67649,32,30.697572,6112,23.840233,2015-02-07 14:02:50,2217028323,294874021395811600664727836038436270105956342238972471224926150619728298305801098177251
67712,25,32.396077,6294,23.942140,2015-02-07 15:53:02,9358625,2376511842377225602786551343420918471887735050224597029861078194849222415135206722849
68616,25,30.537047,5940,23.505978,2015-02-09 05:06:32,14484899,3006212433181449320246427769670582994127253450045064311713357348234081346008171480483
68802,25,30.679151,5972,23.648588,2015-02-09 11:29:17,24187655,3465090503772929038465804858420435467406218814193511381721267450301882006040917119751
69425,25,30.328157,5900,23.655916,2015-02-10 11:52:48,26599673,3069599891306873944963969250114831285575587988579075478663532600902613492866873680121
70184,25,30.065686,5854,23.826282,2015-02-11 15:47:14,23754411,3632307026669025362373860127143969323960952703496170872538743374444268765759306102443
70418,32,32.169000,6412,23.580094,2015-02-12 02:02:09,2474661891,366933832309710500575853474401610186592605913183379497285963303581993316042284413769731
72216,25,31.167562,6070,23.888980,2015-02-14 21:43:28,28449877,3806145128137126274063357650271958890346569404654318243616644958523140479361385372757
75273,25,30.165238,5870,23.414630,2015-02-19 23:47:16,28760547,3246901719829559569733738362982833737240314578652861361855510293206444713262095718883
75726,25,30.879864,6006,23.459838,2015-02-20 17:15:47,1911601,2940346509673432281881159234659082063409668342517831126396083886512317236713323572017
75747,25,33.270374,6480,23.398656,2015-02-20 18:20:08,11732621,3860227707709816376498276685866030747434987039812383622684483411787542506113344931469
76445,32,30.501699,6078,23.507108,2015-02-21 20:20:30,3200472741,347387397620283517142472986251926972134108306236443774667106295773191495267918704498341
76757,25,31.172853,6054,23.317372,2015-02-22 09:25:19,3267457,2204038785756640671903883921324293329319098276625388356990460653360972078612929960833
77270,25,31.866647,6198,23.275652,2015-02-23 06:14:10,2097333,2947274409576749095665232579572687348232464548697864603390632804845460267836943368373
77545,25,31.603231,6152,23.498054,2015-02-23 15:51:24,29344413,3478127415416777809271361312535015909955480423684319094176211543372472773527906271901
77888,25,31.510336,6136,23.048526,2015-02-24 07:40:49,23256079,3715855340680086208703159231799008519991490814171689525330678524212935178496728292367
79002,25,31.058053,6046,23.230779,2015-02-26 02:00:12,25431835,3492292612875602757268383433279808738517963632473906918339719869813431737841669639963
82553,25,30.524470,5926,23.326706,2015-03-03 20:08:15,17414651,2058907494097578734189346342026060176201788719215252725805341221253587658855213021691
82774,25,31.884562,6210,22.954132,2015-03-04 06:57:40,19397309,3849552826136635579101311260860266605489010621415851739576432811137685419989662169789
83244,25,30.241901,5874,23.246043,2015-03-04 23:31:36,25569155,2262967068818877189138978581671872986410034696982937211971155085423082927781983954819
84382,25,31.754427,6166,23.338698,2015-03-06 19:51:24,22405987,2139354131618224304657571949800955643697875614542164404599105423515089139028037329763
84773,32,30.632918,6110,23.158867,2015-03-07 11:53:11,3437524589,420518159417154361858382290593535319460485621092513204663425241860721248251102603015789
86058,25,30.309398,5884,23.242794,2015-03-09 12:45:55,14735959,2042257472934906622423437740115546842905552009740932849287477590772643166908384860759
86401,25,30.489068,5930,22.905229,2015-03-10 04:09:17,7463163,2941124358324773388364591485602818804026205461735734137947744114306279081572759101691
86650,25,30.365183,5904,23.019052,2015-03-10 13:17:48,1997031,2762292666767588665352605203183764828680901630145148146378531428239811200782211905767
87958,25,30.341997,5908,23.170568,2015-03-12 15:18:16,3342963,3656369677210745537425504197082690633023102789753909622280079471640283443999783715443
89384,25,30.017732,5838,23.106045,2015-03-14 23:25:09,6103699,2909254299305952589873454111800719651370572673827547653535738897193517519886035526291
89596,25,30.559032,5952,22.979292,2015-03-15 08:12:05,7768007,3870638108195344253169811350722636320536596267405709591973311709041647158423419520967
91657,25,30.804425,5996,23.156757,2015-03-18 16:11:44,3012269,3421959114283821475946721845055388281107103745129346973931338137157689805580205422253
91924,25,30.736304,5982,22.824410,2015-03-19 04:13:24,4885985,3340507199394478242740241303036353934860915010707998496333761648602742347179080977889
92815,25,31.461322,6122,23.154235,2015-03-20 13:32:25,3493315,3225176687480994783365879404032317512025040718527469852740203819736144329356617272771
93103,32,30.301106,6048,23.103657,2015-03-21 00:58:39,3027916325,482764525396942332904099631381512653505844570026609861386556240837299717204764740179493
94704,25,33.142053,6442,23.216375,2015-03-23 14:52:36,19087127,2607154564086503044241314968828329412213571208095725768355780354203442116209817108247
95874,25,31.590062,6132,23.073845,2015-03-25 12:17:23,23614995,2002769008831820950259390438185746304280241762693965865953989683613789805153381537299
96277,32,30.778082,6144,22.757679,2015-03-26 05:44:33,2040997433,495429749129373087629438043538539080267278506057767935121895051561301455048479521318457
100266,25,31.058962,6034,23.084530,2015-04-01 14:52:05,2710153,2359617723992084097534042534160014049296577222567544793565466361463010010640192985737
102157,25,30.855547,6002,23.087184,2015-04-04 16:45:36,9137467,3010699372774103645382791262841950621705882703263383496563484802039617774162430094651
102169,25,30.277913,5878,23.075543,2015-04-04 17:19:22,197639,2049840095250970686068489243751313010518872133784780260649707606744455111194100040711
103391,25,30.226036,5868,23.008409,2015-04-06 18:12:16,17103359,2054674355805257143785769873350719482340471170647147579696903889461556868402158828031
105872,25,30.763229,5974,23.017480,2015-04-10 19:44:02,10746819,2172174876148525148009117506197012859595754776099944479424130203583866333093765053379
107235,25,30.562811,5940,22.369969,2015-04-13 04:06:05,1505719,2551547990090364177218680556625125111751057790404353824655151284417337435678100093367
107358,25,30.370295,5908,22.550303,2015-04-13 08:01:38,33135325,3049700686354259752528059865588066471752907998843117783961414555327022134755828800221
107694,25,30.788420,5996,22.962545,2015-04-13 18:51:06,11609629,3786318232749471047218831064787583351271336177978883695502184423403863844297301370397
111229,25,31.405758,6108,22.862696,2015-04-19 14:18:54,31354789,2913870975602735686633947516117838781462263393627558964277965405021858912443240968101
114472,25,30.093088,5860,22.859247,2015-04-24 20:29:52,25508467,3713421739147933372492041621591322646009674403419916347416534304408410938676514994803
115039,25,30.454686,5928,22.862003,2015-04-25 18:39:50,19414237,3430469084942774182183580992447108892645027939606519428723727157464772426930590334173
117000,32,32.813650,6540,22.381744,2015-04-29 01:17:01,2711517613,361460157646093864129895989063971652230476307686614583460439260975623855364723034716589
118362,25,30.195279,5878,22.396730,2015-05-01 06:41:35,12925337,3487014317580576029047509997383229607257990531148093446827691880745470966558420711833
118388,25,30.352342,5906,22.470745,2015-05-01 07:23:12,22906523,3203408719951549438382294263465577599120799602645617329388630405913444244639161616027
122540,25,30.521978,5928,22.487109,2015-05-08 01:19:59,22973927,2233470728340638012727681829604085739547521403745789935922775889991306262926008946151
122891,25,32.516768,6322,22.720940,2015-05-08 13:49:42,28821359,2733605382823023576278496556306961555577715057719976271839701777111770974921231419247
122978,25,30.237322,5874,22.821397,2015-05-08 16:39:11,6217775,2330517682730568385434191416075058831941188076115266219194080712335173226584646541359
123400,25,31.139046,6062,22.644585,2015-05-09 09:54:20,20248743,3518551338849025158776901295433983969071396315365320261887352911850874705368084445351
124185,25,30.238739,5880,22.822929,2015-05-10 15:31:07,30461423,2816244066756013218849183377446599674893259172181378400752571676377295390483382586863
124197,25,30.633481,5960,22.834259,2015-05-10 15:54:43,17215721,3130579030864503171306254431937836810695950261145820175439828290585530783960435962089
135674,25,30.540791,5936,22.494855,2015-05-29 12:42:59,7511783,2575025357792261390803303095982610349150049955709438001384552310059549357669960818407
137332,25,30.093374,5850,22.169112,2015-06-01 07:16:54,17233899,2658604220528664033588447169375724586756717686566160881200147155218514754108536584171
145266,25,31.272399,6084,21.863669,2015-06-15 09:41:30,3794503,3100016153366630991379338864853448314289433616984369701046837675602132912943916508743
146826,25,31.985463,6208,21.812338,2015-06-17 22:21:37,2053055,1956234467379652524646698849771248381831963938867341915539304068419072756426303558591
152201,512,30.153947,16044,21.847704,2015-06-26 15:09:07,1.207976666200579e+154,1188259351086259554029531924189139213185196853332949982242096482383333610620505491954340299145866063165532486134007213398342384717289112669941195233813768178801351419483383396346566235551264093022809965496367072603841724731875343809
153396,25,31.349765,6102,21.900254,2015-06-28 13:26:12,27716039,3405733696112563879743089922658575564448407735797831344332643102777341017773010512327
176290,25,31.472350,6112,21.892902,2015-08-04 15:42:30,17250337,2192553654828936881560927315316093749980865719305709165374966247572246669563431172129
178569,25,30.032687,5840,21.521258,2015-08-08 10:22:55,16548141,2822560845650990190618059149938887518513378646840525074438322338705712563316959510829
178841,25,31.005952,6020,21.785403,2015-08-08 19:28:40,4107089,2094102655032108381689091707189370769891543548670812590758288001880340150617527724881
179524,512,31.458944,16742,21.465536,2015-08-10 00:32:00,7.113839299604552e+153,1334477482661530741585037176661586184091158756554289084973197647589147534954267061291612798446447837069144769857127424363118839141892603346258550311606864294481734733533199574437029105181986285303678706265098195326307641630779533857
180602,25,30.108314,5860,21.850338,2015-08-11 16:55:18,9647987,3365170210312404921043333597602054582298582007994666906511038555786472546376021653363
186050,25,31.313051,6090,21.846652,2015-08-20 16:52:44,32750475,2916683270723592098890546536933304358866113149626748573563586986143851970916934466443
190316,512,30.578927,16268,21.924210,2015-08-27 17:13:23,1.5154322814085483e+153,1108704844795733537830213094624707596149323064417346067208703849548614770600447692004682257290840112595647110994846319332088122308793673435970451830829731622593572929790823951192434208690327186358730195723008470555071642198469018933
191439,25,30.675114,5970,21.867469,2015-08-29 14:55:47,14269455,3330610466738582777537178901380873883425678830159604671490606938534360402696450194447
200619,25,30.851892,5996,21.865482,2015-09-13 19:46:47,18622213,2536379625770442000593883025172965333581481783866839533402028315120252403664581043973
206389,25,30.190449,5880,21.550655,2015-09-23 11:02:13,30992483,3843701536600186093961095212069034135072636738390281391734744755918600268418513430627
211012,32,31.416434,6262,21.398559,2015-10-01 05:24:17,3003875455,366972150530934988976964202494858597526228325712599194709386260047604095274350331789439
216189,25,30.864266,6004,21.858790,2015-10-09 16:18:28,5505703,3040504127649026796792060145567124261056832759535031638700735375271229793075450872487
216396,25,30.724706,5974,21.431265,2015-10-10 02:54:29,11764229,2771007752349702058210170711121256074123855067601319955174338309369050263542341796357
217706,25,30.590980,5940,21.526476,2015-10-12 06:39:21,10851821,2133441323222142666280561721470813552541418144534166802876789852480782999383882175981
222464,512,30.342112,16148,21.570890,2015-10-19 23:56:02,7.871304875666194e+153,1350485967040414773266150609433708361400092082297794748646255533233342884813862288471676180419502583695714339083142805792899605037812550331382287449178072529963844714171194557678313600307938664390748208108718049634276233466506167891
222763,25,30.143456,5866,21.593436,2015-10-20 11:47:47,20211985,3272722607258927596181914469675112096854559113833320046925474166996316013408206219537
225439,25,30.253011,5890,21.723236,2015-10-24 21:42:12,17079461,3575894168606590051010756375691964018605001554840731609406970713227942925896320851109
226038,25,31.200238,6074,21.614701,2015-10-25 22:08:29,26506801,3528445588971680010071784410995520074640465207046987381141846712707004296245575710257
227000,512,31.022513,16512,21.637507,2015-10-27 12:38:58,4.9741989961649374e+153,1435428465236818747321459224821326825449550066881602857568018829175743056313384094612903222915819415579179429200344293708877241323996275230370445433699658682705809634137978666211020483011948810788297729239444721686047225651228069971
244579,512,30.909498,16436,21.945798,2015-11-25 20:03:47,2.1299774558059606e+153,859659279204422504580284604730297696558593374089748334769378726003281823744396888331552321321204841528322384584570366115658467982483228940082035285843190272221565787941089552650432914494820466794721092177675935458076657450424706511
253614,512,30.988496,16478,21.593834,2015-12-11 00:35:56,1.2133097996063934e+153,859467456036812208897614340994172999308722274564802771967714218142188685290198860641207198974645280640805966973990053452013940221940109958166135078455187994999060255514464580861171955799948204117692916554700324345076695590195179663
256463,512,30.135102,16036,21.756712,2015-12-15 17:22:11,3.90940218669179e+153,1270936766716610640946215253099945638588008149684718955602873445807565204131006315075239488075781469895466449124161893860055640328470821518529220113716216345550230497789822260808738982945046468173614741664180822899897041898007978671
262386,25,30.738685,5980,20.443360,2015-12-26 06:27:35,15613525,3083250937876137462110607571150646347557112598769274704700130525080858266379043618389
283160,25,30.428045,5910,20.775001,2016-01-31 13:45:20,32966647,2251434391128803704344583996303283802534027056596890714940698790338128817096303773687
289085,512,30.000840,15966,20.607129,2016-02-11 02:16:29,1.0892036979384364e+153,1333691598255416225580787876891594617272148591951030399207437764665747075751571424553406520444361335847146473101340615942651990895144299656267801755743562371493061594855453205182244693934779314823769267627409654141958040623016118157
290725,25,30.290679,5898,20.568513,2016-02-13 23:06:31,17724489,3655427200625759455894534300581745350107794666781283179213296914859783199516500325449
303053,25,30.455783,5926,20.688185,2016-03-06 16:38:00,12203569,3189990998559493749889592444310595157291402085247170588964461888137619991737145112113
310692,512,32.341832,17204,20.720729,2016-03-19 20:12:08,1.2306838420376205e+154,1046541486330574220494775999945435764973742463337567863711360089833217168852482020356395748897455647675430387795686744877117038819533678823589794666480210650947432837544145450496287018080007122232610976330764454000762633603994496009
324295,512,31.136835,16570,21.700262,2016-04-11 00:44:16,7.742161210153005e+153,1309933847411727469775420827381489366630159433548924068681318072727319260669777779848138797241744060401946789233783682358920253358058081739604444348822227579961288664612108218435560936177392530315737599428407598359471468514513781959
325964,25,33.188227,6454,21.452143,2016-04-13 19:51:27,21108393,2855939542472142623071388682910154206774694895759842891314593385970056997706060142249
328637,25,30.733902,5970,21.831695,2016-04-18 04:50:08,31815061,2295344353359787226524092230267307852844064674543236331593315738205106893827663558037
328708,25,31.921559,6210,21.840034,2016-04-18 07:53:35,11476765,3071678156908214653675530482270318926105062637873339315883524622587126879938805702429
335791,32,32.721619,6528,21.966760,2016-04-30 03:42:45,4328489,438773462471793341272796826063622088632982446349639715491931166563796617535491875671081
342938,25,30.212545,5884,21.771818,2016-05-11 22:32:32,29854233,3805273816683387721548406093142610777297565207531936544745853269690136359909429053977
351528,25,31.762316,6170,22.063979,2016-05-25 23:57:01,13273005,2312218431976799024987091380685624598299523885590666865560502461401285244247643686829
355314,25,30.396978,5904,21.961286,2016-06-01 08:33:23,7663413,2253956374267010491674414598978784236607896145592666612852557604224188810500538429237
359505,512,31.225959,16604,22.054508,2016-06-08 02:45:29,1.2961155267442144e+154,852071445451714220406268375554138668928918217197454157324510891212277564906364836314776753829984193693359580934886119106059509565393729626535343732936138791452268204653313991350053693668085576239433679714026088012494771067947850929
361844,896,30.441948,24300,22.059063,2016-06-12 00:27:54,3.8856687520138856e+269,46936325412893856851356988920120094164481189007004168815529325852547481602356306546606182045976350840172393674532561502997337688505156238965411384343333312588372186709157623233623344695766817042247767410751546106312870818015199334292203903037813608785408753031585658167129335773825142667425513310300574460251999882573345990532262409650446252203193
371133,32,30.749238,6118,21.554370,2016-06-27 20:06:40,2409303047,256500158093601207258570377132247846791600873060694842560748887002542251847092759366663
372928,32,30.229844,6030,21.509647,2016-06-30 23:31:53,981986903,426069621056871834518704841778270420356502356452685610430054915960829468444534313053783
379773,896,31.461479,25120,21.624498,2016-07-12 20:59:32,3.636052177994981e+269,57103500626378668964787560544741354152429373407648525742931057267683387710768228686609561268020099214065166984237146550796311675645046943300627011082108528049597803595548567314336998490275511349693564493470419218873287792954813273104301503490952159685125892183206907512908849929179221785074885393057846569073915006179950803160002270488540395651529
394018,25,30.710123,5964,21.540575,2016-08-05 21:49:18,2787361,2194416357161300673886063569089378153167696694945556160249271283466951127472160802849
395785,32,30.067345,5998,21.634898,2016-08-08 21:42:29,3562660473,431976703729923197523491968962108238729582096869031070356423120866335573829281126146681
395789,25,30.231326,5880,21.626939,2016-08-08 21:54:40,10857945,2953779290891298536300681128268661778172666662518909153330125293326071161010138754521
395843,512,30.332850,16138,21.656537,2016-08-08 23:56:29,7.716489422861221e+153,1142585668387960025708084263649331763374206609649986636062052187822289501810145515072192962646326060526535489744135858397511017573087846138524508292220583849123584316229890393740650797361851580226221551814191317933050280047837115059
400431,512,30.364795,16160,21.623746,2016-08-17 01:57:24,1.2509777038546263e+154,1347301641675511614652917752515055506905567265485255991489637550348161295519273920295783837274899231210360936135799527067805265639350792052687308612198417017236103855593642233147011219249647475480496377305694842825512473002554633099
402139,896,30.891320,24646,21.669550,2016-08-19 23:46:54,1.712065576763415e+269,31106875662231169360510898207996284216290747383553047313865220133214947366746849808435347292488911063127109259005796228404224153297555794956148541113430519640964151701424393419330114275006433290565036082556473169744606929793011493086922323296952356619112720928352030968628798740810889816167107263478494597155573274114320081866980747073139706555857
405283,32,30.023580,5986,21.265057,2016-08-25 13:41:03,2588203423,387406259118949039459159385334391687238760849715638967817432122086742732347291107383711
408439,25,31.709002,6168,21.713222,2016-08-30 19:56:24,15070579,3009411526187864659859047435750324968251484182084779746529928442273352909229511800179
411526,25,30.430098,5908,22.149534,2016-09-04 22:52:48,7185645,2080767476135120710577042716618892123947013439754207620605786606636910820698484483309
413719,896,30.444259,24300,21.848759,2016-09-08 15:36:43,1.765613323376546e+269,44176279725201107770131987236544891115815213568951907603443416325457946580466732776580630232782067798087665902307217012255219488743035962716718053944183485070763120810947933692470302836549447577762679009681447790395543560568082804014081419030644671964873898840793258164930391726223448590463928489466528464560714785536996444089491207734479466926451
413770,896,30.417534,24282,21.888939,2016-09-08 17:30:16,2.847529992980462e+269,49289519821224376388159956182614643660409818711294092203171124198988172855293761996550164997857184533245469005174446989878968233064872177850240674038059595514283755961789378545541048710792557646514392116597292551074688802310573031754241165266119617573348502802168903406650672435891374670428008966784751318204941061656816490591138354427508529995861
413888,25,30.458049,5922,21.953909,2016-09-08 21:57:26,4743991,2757200108327925993860691007947068517177026090929499269124660735139011096511859155767
414268,25,30.432272,5920,21.882930,2016-09-09 13:13:32,9069331,3044031542054210967570539214614500212071274586568458107637522749309507202351572345619
414762,512,30.222618,16082,22.045053,2016-09-10 08:12:49,6.990631836829883e+153,1247172382788690961320730271544243342888666588870549960892692420197324905852269034257265035826816669234238047626829302544257469567852079507013515288290067302881970329384015168230728726957176883422661107627442852625166240673875618827
416526,25,31.275396,6080,22.020640,2016-09-13 06:37:00,7399515,2677454377902630604867394671679607404545257114582818803853712714870212357327655331931
417132,32,30.353701,6054,22.035101,2016-09-14 06:24:03,11195665,416275090890000384157691395758177261639578355271630830680211165387518630206975597270289
421448,32,30.147665,6000,21.894793,2016-09-21 13:44:06,182470343,271304022387737723115663879162819474448308700591087177347474089807229616024355642296007
422420,25,33.088525,6444,21.773186,2016-09-23 04:43:47,14780247,3792965815180550576835022741577576636725193957905105009172507268460238106607935915863
424051,32,30.716377,6124,21.860213,2016-09-25 22:33:18,926621,385801372332560372040434157020698783313968516123115727010938602109894358799852013233053
426170,25,32.306976,6292,21.691739,2016-09-29 12:46:22,4856219,3817325565605396571290004902124331876056426007549271421257224472378708949201171650971
432059,25,30.693027,5972,21.853611,2016-10-09 05:34:57,3756047,3173181368505187162007413210627310900495770000327540341286791655599174821294852624399
433708,25,30.153352,5860,21.733409,2016-10-11 23:50:44,6847381,2516254192161471862895747846108978319975731195388922119693180197225624276525270989717
444732,32,30.590772,6102,21.760048,2016-10-30 04:00:29,12791665,426141831950868828349334198796871372183659324145880223764679483624711604193980397596529
446457,32,31.091399,6204,21.740172,2016-11-02 00:34:00,11234903,456491184629723850679059118668968338133277977925743564679442550088219614501664478424663
447638,25,30.900350,6012,21.750212,2016-11-03 22:42:52,1546513,3138530259657965753518105005442115819962045878014174462539795453734610267431142660369
448132,896,30.298341,24178,21.709642,2016-11-04 19:04:08,4.973891229673191e+269,36804657043037531163500154470103791350602088056811105153141478998893582360266268558957340468322759410021968762904862654967484769793561807895622474210289299440877625279165309151875279545127390876141766672314218791604219651509388900476253736095651113899917107982533068228836081612564444093603279721841803048831159007740496974279659285272044909863311
451582,25,30.655023,5964,21.475524,2016-11-10 12:37:08,15973423,3111106612910459075868204936542311093859803899837661713209721659386454048844100647983
455249,25,31.002707,6032,21.467893,2016-11-16 12:43:51,11703449,3147173999885546988471964219065770166218371481555058292592079938516300379679559423129
456804,25,31.152062,6054,21.788180,2016-11-19 00:43:50,12008841,2509053966454758417357777676052706197013845046137069244967445188745101263007487835529
460317,32,30.968945,6172,21.620675,2016-11-24 21:11:51,14130599,357549336239023648222640069589064702421820805170815351686260110932648377701436189285799
475013,25,32.219901,6270,21.203689,2016-12-19 07:19:16,5924569,3264402319490571153240720008973642859922925596331786627274564096062249297822747354841
479509,896,31.222734,24910,21.551208,2016-12-26 23:10:23,1.876836002665077e+268,30699744258261993049772842254264932561218297000516112892001770638332951087887104365007741116813832333590296401540080353291603948599033302277274885510855383419827312043039370235246344830625627401926480747294521251725137893541808903709856514446051527293316131885485041055533158540632235879772529605541130442442199336214200774205093251044791651926883
481534,32,30.120322,6012,20.686936,2016-12-30 18:21:50,3573936209,484110641678357261738719782456817417958993777375775058975075135677699222317516307427409
483757,25,30.167465,5866,21.160065,2017-01-03 11:49:50,14910615,2803161372229783874767151064897384888643650283690233328347137212669523322947575710871
483909,896,34.659268,27666,21.306382,2017-01-03 17:52:24,1.644549502536105e+269,46349070720025037040361858900129609166449655917906285116489747040034875127802147208110844706947623431130496761558541029383158309481693692083600739443882422258856184093051052244620229666869047068030610605863967394892885579377206581796041567882396721253894823503606561270263428895552049999828234748238921811522958517041497098602138544964860072259223
484567,25,31.432440,6118,21.402161,2017-01-04 20:43:53,233109,3395772461879752945585007162541381732989752474739303531402206919360327698865258204821
490003,32,32.739822,6532,21.349340,2017-01-14 07:40:44,16129443,443738924368137011608919458242373165727533377337406340373891330396272365622480719977891
491248,32,30.083251,6004,21.366891,2017-01-16 11:29:59,3467089,474540561069610205736009446606513810802331883115158263730854350312542790257071994758993
491524,32,30.782665,6144,21.491744,2017-01-16 22:19:15,4582715,480923633400734965259480433766030416243924188499223897313869413297648350997880741686587
497122,32,31.035486,6192,21.759514,2017-01-26 10:25:31,11572845,444257454334649308912393686191597601188145211923107976924257869378735353056668026967661
501721,32,31.554876,6288,21.810481,2017-02-03 02:42:42,9417911,348887377875392521862490469125419554477981535060937643640089196686235143278819883857079
502721,32,30.017502,5976,21.684323,2017-02-04 18:52:03,2793679157,289080330122773319399266818035100537444412988969517743366617997643326246710049589438773
503937,896,31.465066,25108,21.763034,2017-02-06 18:07:04,4.0604870946291005e+269,35604546580669377549981752462906048658999404598406937684173165108177918353514091892673700230806052406645477592801151564962250882642518800877217633268414854050261808973491652904565084909257191102983053326905223175233971732918502543723783999957345307578005051228256138390420834299251474569430005521661769181882629518707948965780073070334444493818499
505312,25,31.623558,6156,21.967142,2017-02-09 00:12:37,3859269,3482869944231720452383937332647560067744547727633619059300119499746407695033122349893
507661,25,32.309800,6276,21.779433,2017-02-13 06:12:27,11635819,2287187403116202496771766754237716660842357525740886893290707558631872348764486339691
508099,25,30.320956,5904,21.895944,2017-02-13 23:56:24,3960165,3668072255082708159649108700471004456128068104191380223639567387485916249268437151077
510941,896,30.545007,24380,21.830060,2017-02-18 23:06:55,2.418313994814077e+269,43580188743820690936155860205035265799354824303997388234113571392475323654325319561684018560485493665203255876163760286966838887329631846883198821579997942681660111755598985467295319009752212003553425448339707042384027891942834544427645629075137579924710463232872262304432472445031442722407497374016464243504785302290856405608028204411461802650611
511482,32,31.275690,6228,22.015716,2017-02-19 21:06:02,5624929,303428887559965778808032879582347469658912922538451789789416632023959961553564027180129
512216,32,32.155678,6404,22.001770,2017-02-21 04:12:08,10770625,310744427737850184145962991658448628680858596850854754079526488743325621744160240588993
516329,896,30.464560,24318,21.186616,2017-02-28 15:45:32,5.918547896937315e+268,46858559931405366414933840368564344901881649411899240537884707770202004593184785366495931472033889038518187583961496690353365209469171159065251832774656399981815132246687317397900780571693919622345835875114631387238511900043517189226644628435714047667909338444901566398114533260944153880112120686299751991005990723127975908056819652729446983440691
516371,896,30.083684,24016,21.105153,2017-02-28 18:00:03,4.006474614972411e+269,50130188682233471088123956852262615386923684038503600636686010590754990051424292561028105131395324732144810501945607690534005772716203119744557056144617771607507769123207527309450091836484872053071368759245905224963469095871320987436436178738347694734458984877825998432667286674491094715704687228413154704635114547888831843669160601241112446855667
518394,25,30.908442,6012,21.935811,2017-03-04 01:32:59,6985241,2982671749266002016047773460838375478719714775418080183531130007577437678303326148121
519574,896,30.507785,24348,21.945173,2017-03-06 00:52:01,2.883868604626583e+268,40427804856874074179806540401057680469307397549707078046600864871656865319989306388928184714075750684182668007107992659494832052208253273237007989367726362818636485836761607747010105661043025327555958115345963273452722890748490556203359785112355486943507385430806924449249975330634855778455325428016651982485448494971163464389558138566247208575051
520208,896,31.250673,24950,21.917499,2017-03-07 02:39:17,5.210449846090788e+269,54106065948456180118373584513307322309418808433919304325029850621888825487471749967669011389260993766360187303180634516073819956327434348772785900114381725195383693117249627809599897219520385631569401743694936337453203683680857277100661823240528122128886066174645676553307129633652945575991760826805686296746937275521925039293623586896281804570481
526367,512,30.345815,16154,21.767541,2017-03-17 09:57:44,3.826327821950036e+153,1542259394474092986366011621296242968110922144933842618442819892295441118922470240273284105181194177610840965455196952580653264869805870631452544291228980925995139981316481050463859143573911973455413539769980331016786917893296328999
528180,32,31.639491,6308,21.707537,2017-03-20 10:26:23,15899187,385272595087067323694690262537283835241831498117889554786779428836110344597382752279091
530287,32,30.032889,5980,21.673571,2017-03-23 23:44:37,15958489,298239580021941470526597561308303451896304062789844116406351922329999135133003718820313
532968,32,30.018133,5990,21.697535,2017-03-28 12:40:56,11557849,458933229564131585009777551327388766931031686854656932047748750332284323756173582949337
543242,25,31.590492,6138,21.273980,2017-04-14 11:39:05,12083293,2415292232580356046047899630808920545953220057736458205078509646342785282190721179741
543334,896,31.023798,24758,21.316971,2017-04-14 15:03:08,2.4675902792243485e+269,38117336378422617190133786140385293037107880131068639358606763661903815967871867602069172892976736394568929153249076787563057800181646517393818966138612158249426556474232187463890664566706102846300901628268918170213913505087451273397932904913239109163628429974003583281812455167483148800490239858017416567393361010524026683642911499408476093536799
549773,32,30.959574,6162,21.041174,2017-04-25 02:59:43,13001963,274953080041905405052431016143083117781603472635580543378020778244689913319222273271019
570173,32,30.219171,6030,21.139521,2017-05-28 09:08:44,12004885,457170840439382042367914774203008171303163579115293258578468278225240172525322767904277
575546,32,30.104168,6008,21.626866,2017-06-06 13:55:15,14612419,471796767652711232111505804133239380636652562039992155957703077405501029136995624875971
581982,896,33.662127,26858,21.593039,2017-06-17 15:20:02,1.337219718272055e+269,32398179578917147228441449421730178517212812614262034650520739046054511954132045324556667249476877805222893139190526254619958077729965955970871858732557935152591262197395293500770156847115230586167655291788594160369627503463464370363890216567077717620303508443851016953577304836996173504386980107875139763439760628310307204189865924430154731310751
584173,32,30.945607,6174,21.186490,2017-06-21 09:59:29,8473099,443282600119777857793214299829339404959102062680699124237178776022156968899981258869259
602737,896,30.226347,24130,21.232982,2017-07-21 19:33:58,1.2287613320355493e+269,50314559414885706783087607145581895704856036609999597663247988495760208190525878409175035983684825064085786222950815566864461925830399197866334803938993345282236294960346535059536429422359761081111036340823754269820736764812675257272543709115257777380898521017855738852815103042158094836977799704247422629967097549433635890711368163399471730911139
618531,32,30.326955,6052,21.186765,2017-08-17 05:50:27,1356409739,464655443402636059365245986110663513150561965563180405166772029031770371861637951466379
619501,32,31.666306,6306,21.155243,2017-08-18 20:30:22,11319475,305503776569597530219055934139417857977611687854216395288163738520791972491366169884851
627869,45,30.379320,6338,21.430278,2017-09-01 23:00:04,133066077,4039427005884190403700477327656080737551095310784967660730796800151573979544877219078630749
646118,32,41.938784,8350,20.954680,2017-10-02 16:48:17,1285499,293703234068022590158723766104419463425709075574811762098588798217895728858676728143227
646149,32,30.263860,6036,20.948365,2017-10-02 18:07:22,10822597,415158880323789196115313302977394167949227533141544435206981668957814338909520838075333
646810,32,30.563154,6092,21.362454,2017-10-03 20:53:52,11481841,367907201973042908314706437560628773193187749268172805922401863609662742875156681536241
650135,32,30.140674,6006,21.163709,2017-10-09 18:21:56,11451635,346703447639123523618986276799558070879442087044236066487382467357201646882884988878067
655341,32,32.016596,6390,21.534713,2017-10-18 18:51:50,2065711275,476680220158331417935907753557520507369086354755222962352209022785764694697688780783787
655591,32,36.929239,7362,21.499486,2017-10-19 05:38:16,7888775,378827142897837318640393449029842115502639679597569808772814839082416153600616230838151
658498,55,32.969618,7098,21.317986,2017-10-24 10:19:30,586568663,3154096256356719066698802324745896567505370619504431326283973036330230191837830421928159368151
658669,32,31.839725,6354,21.461085,2017-10-24 17:01:30,1120458923,466321364416318309624153497555499491029188358040188943034096234093661442918732238739627
660102,125,30.274268,7976,21.445513,2017-10-27 05:19:49,909009487,2620490740316925877586400198442312906912807803844773649454116811594476461149517129802102080456772606155853923246671
660426,31,30.161636,5988,21.494696,2017-10-27 17:53:55,2044912067,166200646220283035181059335376960598104125747174293774538271107000706824737192853823939
668831,32,30.119442,6010,21.780340,2017-11-10 20:09:37,5224475,455658952913865112527278495962731091024208960204420723618709646772034487345614523709467
670762,32,31.666945,6318,21.862726,2017-11-14 03:22:24,16006441,444471335505141351332749240548702863568682483826718172665973325661663113113982010146089
672370,25,30.655621,5970,21.778041,2017-11-16 21:45:21,11130667,3769386053096832358663048861346211633026723075889198938142257624973490775742340519723
672859,32,30.462511,6078,21.645711,2017-11-17 18:47:03,13748577,448894094708681165739971212698722145906447649721997179782753523234518274233610229893473
683434,32,31.485341,6276,21.890541,2017-12-06 09:24:09,596433,370075911626661238297450427477656323530479567387667883663171924359885403877736301795793
689610,32,30.423489,6070,22.165625,2017-12-17 17:08:25,12950949,445743654190759187927180146038431981349268857942127945282306119755867130352338504883621
695071,32,30.294575,6036,22.012813,2017-12-27 18:40:09,3646963559,339150171955212836134554339758231341914031673682374942552623879794816492283561154461543
700122,25,30.727649,5978,23.607726,2018-01-05 14:20:57,1312355,3098035366858285558413416511009984580175206656729938840559875852205807758338212234851
700225,25,30.268764,5880,23.653700,2018-01-05 18:17:37,7463895,2322204228398826469952242567304881675787849091765587928742961046390708141113522381783
700546,25,30.950581,6022,23.735789,2018-01-06 07:13:47,13246547,3161631968068396040596177348986286601656459596295557528746540996449389892300264054867
700661,25,30.350885,5900,23.704287,2018-01-06 12:10:29,23799749,2653467777808375612404860770758217735654561683012234676080997256698022730951905978309
701331,32,32.631317,6504,23.685618,2018-01-07 16:02:30,1235305,365249440305038645161803267309183024955864911251718996210076411451805282642694897850729
702430,25,31.614676,6146,23.533129,2018-01-09 13:51:35,16670727,2681129611416856036633138123321217876964846695837188491572515038895704664579076153351
702435,25,30.363288,5902,23.541935,2018-01-09 14:04:27,31761847,2617782356770908472965195424931216979493177104252136132521647639855312874397269009847
702990,25,31.942348,6210,23.546541,2018-01-10 12:56:59,5339229,2706379565258181071883779838798477090488763984793642822885518933737370641034596415581
704140,25,31.630053,6144,23.560364,2018-01-12 12:49:24,11135263,2289869904443817800934138310788940383158971137977247667184115816366860056740374374687
706002,32,30.246407,6026,23.696044,2018-01-15 17:11:27,16065223,334663294085777705211273051351980309254663698802934431472660056177918661989547700986567
706613,25,30.254092,5892,23.580330,2018-01-16 19:05:57,11106577,3793793700318777216520078137073387388719757025869323643785609807985920365669625985297
706674,25,31.336848,6102,23.623794,2018-01-16 21:30:43,13966589,3690239466296961014210294150932707679458950307511098255913644248121687789643375123709
709177,25,30.209305,5872,23.540691,2018-01-21 05:26:55,19490999,2611822420341034488088519052325856641865792260562923184166172928263637983081632721079
709634,25,30.530108,5934,23.737328,2018-01-21 23:38:12,16809555,2581475130987564929901451087990680000391025625328798370153347004867570827861017263699
709740,40,30.209815,6180,23.609024,2018-01-22 04:32:48,23034521,69712284698604512967841074749156868477786180736374436576224130098522651676916601145227929
709897,25,30.024167,5830,23.550177,2018-01-22 11:01:28,18678219,2137775790323742704534149849296565179700948010906654552916968640007128622572456706507
710778,25,30.053731,5844,23.590075,2018-01-23 23:39:11,18801013,2813927882553714820830925046015919874591407353813160608495729319015930539620006027637
710800,25,30.945987,6014,23.586420,2018-01-24 00:36:25,25037621,2512956332567444275533703543386484430970669466779046357916439288163791033751874439989
711975,25,31.130525,6062,23.719347,2018-01-26 00:13:17,20723739,3711147613951650612510449802216099542659593245894332596455108695261848125006203861019
712471,25,30.909611,6020,23.520266,2018-01-26 21:18:02,11481491,3835421807433696593382477074711895069952402953725019202838655349735410219283741880723
712509,25,30.589522,5958,23.636313,2018-01-26 22:21:26,14868337,3878413406142083921840897558748977148059320105249540138325999554007663661971763552113
712586,24,30.576568,5920,23.692887,2018-01-27 01:16:00,15800999,1215510923573407869684677148088306641727862266347799768077045473319508601107647634087
713187,25,31.323183,6090,23.602728,2018-01-28 01:55:35,28493,2738844056448198558238862681538921648397923044077278336176017353605281919197679480653
713862,25,34.377487,6678,23.535005,2018-01-29 06:15:57,27520893,2311482393805881745645067756741943850166724033004900379472501172644226403230795689853
714019,25,30.375274,5904,23.565796,2018-01-29 12:24:39,5993209,2589511178595115818485147739851470117689402037992146859602675618983353605035203982073
715184,25,30.016667,5826,23.756579,2018-01-31 11:46:20,1938277,1964075510266813701834013934095016570334403783388842474629056662829667390091350086501
715414,25,30.846122,5990,23.698908,2018-01-31 21:43:52,16072373,2165336986820420125271822068471136085523036723142720434027768650435242541477937888949
715674,25,31.142340,6056,23.633294,2018-02-01 08:39:11,3627223,2842823686300475306565671713169598851084814007762056674232902315038544439048748357847
717111,32,31.241831,6222,23.729445,2018-02-03 20:51:33,1610969,310725981172235333855397628692855697391208966698952263400092225560524252830196995495129
717334,25,30.247339,5874,23.600237,2018-02-04 06:54:24,27583737,2185303232031633922716895572324631005417730599096511240011196599786380330984131585273
717731,25,30.022625,5844,23.717438,2018-02-04 23:12:45,5921683,3442003953297907071337878486190538233766387167753655581354805683589930860897879350163
718024,25,32.622964,6352,23.574900,2018-02-05 12:06:34,29858177,3641236563129021534609677609010336282602794927698874503577434435605751085523137960321
718434,25,30.304081,5896,23.684583,2018-02-06 04:35:31,24798091,3139636906146861496924564060141472749565592520311358439695200968317255602318763254667
718968,25,30.900553,6018,23.694415,2018-02-07 03:04:10,2968447,3806252940580315214735616684956977735103721034416375473536068252511718324619086482303
719385,25,30.537364,5944,23.622627,2018-02-07 20:14:44,11811757,3420010820440241435421348796290860415554380277186188095710701057849424621633008843693
720342,25,31.554042,6126,23.721680,2018-02-09 11:26:30,20435991,2066730602949157485321008908839838968258098059445030544777578946783217844751764542487
720633,25,30.528168,5940,23.653841,2018-02-09 23:49:48,25448089,3181189459087382918527056531583023845754459729797090399009852324738955344489566457497
721192,25,30.013939,5844,23.571612,2018-02-10 23:12:10,9391381,3641447107983950397351897860363361941282289092030159802819878224091553401505408044309
721653,25,30.457881,5914,23.495363,2018-02-11 18:55:49,14381123,2122574255917079567931875754799453329292548782949598900074139027039127865400313475139
721695,25,30.265523,5880,23.507811,2018-02-11 20:35:49,11861413,2371018459935045251249454989796222039411830553717295140206191294730971641688714706341
722501,25,30.360045,5910,23.629739,2018-02-13 05:19:48,12110781,3478476947883246151896071759486426323087450013784981649531127408571866277475778087869
723066,25,30.017401,5828,23.658232,2018-02-14 04:19:16,2319003,2089460244057131281003413566270751222438226508467770625387631453074779785292207579803
723610,25,31.573248,6148,23.639558,2018-02-15 03:39:27,9525627,3686453812031751363544758207950738403108814685726664786763838548099097487124540250491
723674,25,31.747721,6182,23.534642,2018-02-15 06:48:22,29791783,3689504213502489710572130217130058107856786223770428440260293224925187763250978526759
724610,25,31.094773,6036,23.721786,2018-02-16 20:44:49,9331753,2011896375665007151349391417819297405705353438997726977915091659151728764108760048681
725181,896,30.355080,24222,23.595061,2018-02-17 21:28:29,9.406796082811832e+268,35288225509013338539470226843796466850798525431235126592690814946370878257336698499664299962299869422607829360079217908107714155131792911086445070670860819825237839660664389414514050634075438824748008155506636724957465306455754820918591757471466448274159063908476280047506974475703151178273004379532316428538547071421537158587110047581755150661561
725933,25,30.151377,5872,23.719005,2018-02-19 04:05:48,12948959,3794271557995185928244023551826832531417563580680679483786104980346973701580804953567
727756,25,30.016205,5844,23.645451,2018-02-22 08:28:10,3618671,3588313880618082738538932067556616513568310824542769707981673986867939591811717609327
728466,55,30.953937,6670,23.545792,2018-02-23 15:14:31,299363247,3823088362539048479201046905208555401350588204195607990891352656374361961493516522486639356847
729085,25,31.307352,6078,23.635096,2018-02-24 15:59:32,22477833,2059688564243646952779941446769183602835032477834495176663848125976862541381023235081
730146,25,32.303473,6282,23.690130,2018-02-26 12:14:29,25185229,2860813071021581420351293565484537194287147395136025742132266266390635866878390586317
730879,25,31.324698,6092,23.635455,2018-02-27 18:25:25,4762675,2892097672659274070151264099601234413285568671642136720371390030854261248031065680947
730949,25,30.670652,5962,23.605201,2018-02-27 21:20:40,30053993,2639612946391654005918045147298658496833654871582137046762795429615961448688057489001
730967,25,31.336778,6090,23.614201,2018-02-27 21:58:33,3393479,2517302207744447336207794911580448987511004106028361127102623068739391268843307648967
732329,25,30.176787,5872,23.589243,2018-03-02 05:47:00,33101999,3220401404675473323528354351860837673408261653034251603719121862689154837527022606511
732766,25,30.839294,6006,23.670092,2018-03-02 22:57:52,33232503,3797689535969713255584492379907926432174392633630582299305957472961185093275887539831
733022,25,30.386236,5898,23.601256,2018-03-03 09:23:38,15355499,1981580725310047731598180719513967134564541641875841758032820984892418767879978765931
733370,25,32.266412,6270,23.436466,2018-03-04 00:16:40,25664963,2465926909146137805222537630727367132758502594616783563131734700122695096090455678403
735248,25,30.205127,5880,22.411481,2018-03-07 14:28:47,29684525,3496598898302295252731913039902011093264329638541970995889988889865172494043610149677
736178,32,32.648640,6498,22.437481,2018-03-09 04:43:32,19359823,273432050699615607430496096210855054775913368417086403174417874769923165787587330140239
736463,510,30.429740,16144,22.394873,2018-03-09 16:13:39,2.706235657428734e+153,255752492978513154123691594099725152319700592313055536801040519165555471426913891452203457696605643150114385904806224635351741702396445896177121205356209432855046738548752881180674721136166228740368687426937734720289150264354531287
739118,25,31.268379,6090,22.482135,2018-03-14 04:16:28,3446109,3850888001831847210732661781879241411468550585563930493100413394150679652472135652701
739848,25,32.138328,6246,22.563694,2018-03-15 10:15:26,28445595,2535109968539640812399563585609072425242832176933178785005111560762580924004253698971
741624,25,32.241691,6274,22.456957,2018-03-18 12:14:30,3442239,3240165496002770723926557769132211119275233809996624903946949471449006642703700887103
744432,32,30.325206,6042,22.502774,2018-03-23 07:03:18,1821911025,338001452381334304704623863518393726624967581403753470706880862626310776261120028583921
750914,32,30.913489,6158,22.813040,2018-04-03 20:34:50,2711399321,325030667506849196892649275508026794810222986366928484922666141191233059176538045197209
751762,32,31.826945,6340,22.633384,2018-04-05 10:11:55,1702947413,325424787358246738587078395794426801445725712697068687563578548197902906139113714412117
753030,25,30.087538,5840,22.619980,2018-04-07 16:53:51,33384357,1980098549765866293680160364357927520667128329328254606824736674697805367297370318757
760044,32,30.626251,6100,22.830242,2018-04-20 13:13:53,17383807,316837383076914269386668712365738374965821640939575787544578417372507215529734987923839
762604,32,30.781940,6140,22.723584,2018-04-25 07:01:58,2129459,424309723373798063901520241933694454416410219058638769248466728719256012479736966053427
764547,511,30.811421,16374,22.768534,2018-04-28 21:40:00,1.6515088661156254e+153,624477751778394838755948644160272790077997860661565573406709862931392630471505872546845376398357683691193156260334743316017014946596641901194216944166282321817362858563357771591828853554958873911038357434080975173622248579136093413
767717,32,30.227596,6022,22.471416,2018-05-04 11:44:39,3285608229,331883686582646797943338770254844394114228804404633072767441865967145047041439394326309
768224,25,31.476038,6120,22.461771,2018-05-05 08:33:48,9318047,2763428932793048139609913612886132547753464974456551290382261846584334784587340066463
768714,32,30.045567,5994,22.689710,2018-05-06 04:18:52,2277025833,436958394622457305426086086804791138251852978603830553606542266357379523964330317490217
769802,25,31.824186,6180,22.625630,2018-05-08 02:28:21,9986357,2170118665144693138058268303085441154782159596078169645140465901162614326530812698933
769833,32,30.236126,6020,22.645353,2018-05-08 03:36:48,800884305,293663753856814934237121896441519758810147525266991775323385987942562985911641750406737
773087,25,33.373030,6494,22.462840,2018-05-13 21:30:09,1195871,3225595641886691766073121055274998683291715033747729037446769694561080488245727477599
773105,25,30.129826,5848,22.531562,2018-05-13 22:01:57,6136789,1966463604577594737282417528610201551751122652594912266084301409562516289315172885461
775176,25,30.294022,5894,22.689661,2018-05-17 11:58:25,23311531,3135192370304825158289092701929592159923865491885230139234310262308384522310126908587
777474,25,30.095144,5854,22.614309,2018-05-21 13:09:45,5560557,3002014649445488621080420298771696940537676405951532274684611874490259934530472564973
778412,25,30.243603,5874,22.800946,2018-05-23 03:16:20,4515555,2238365338726012081988830838303211631885994909368579828124018627545298053029414889187
779934,32,30.689555,6114,22.668994,2018-05-25 20:01:50,1867821517,331533587000436819426331522585441781439894630220108104105532727113465121601177934672333
783507,32,30.982791,6180,22.866669,2018-05-31 20:41:11,463448773,423444308891547313758732820582715249632909997304006508904781565455481032469737159764677
784498,447,30.370535,14794,22.949896,2018-06-02 11:56:58,6.815194346563922e+133,35658749145961208921655472773712239331333220754214361558518326319847349705353063871275799801461184142297761536189083031988479731339717480237764226662055440500683948044187861850916938019476284928892896363653032169
787842,32,33.199813,6610,22.799125,2018-06-08 04:08:09,1929244569,293054102821193619751661608195612316638319710326959947026927277290073216692738257186713
791382,447,30.057245,14638,23.028068,2018-06-14 02:27:39,1.5117213431284642e+133,31854473463934645152619904030209632167863904972920564683053097267118047099212806559673963205561170963053027317644756770157008335433135135247294248662971524781331881379664541034155899160518354187177526272742599703
792399,64,30.255467,6704,22.995690,2018-06-15 19:59:08,954736075971,1701689357773315911444640223370850161935592284089859085435593056347031152247609731015626544407747
792801,64,30.527182,6750,23.060385,2018-06-16 12:03:38,119117990057,1068486303913334346090760173784620647992522866663039055240516778448372714700047151801028178626729
794109,64,32.715107,7236,23.074445,2018-06-18 17:41:52,917440578591,1143451018644168451499629303150773147129466753006744625367319827805051223945042513809989759943711
794515,64,30.140127,6676,23.171362,2018-06-19 10:02:13,873138110397,1569194326698758179188462372783266158558829623791995195357478615727243482241418765613389613252541
794583,32,30.142927,6008,23.190674,2018-06-19 12:46:02,17564579,365009349274425876419053518624730297741916296403273060515050625319711295929219113812899
794748,64,30.478657,6742,23.012078,2018-06-19 20:03:33,3004524395011,1168598551035923042288877808780616112297092984508030677901166197612377091625785429451674761296387
796001,896,31.058971,24792,23.075819,2018-06-21 22:42:54,3.51864118551804e+268,46137355811462377415158840599065789197816839214799051495788850581318827072153370148830146678110068931865668277878674735038553347065258284375059116623458693226769819613054337457770972547897863864485390666220743932487796096010105326535173509315834746949888853895066552433766348243444408506457391794214747893632584430654923858157176417065059599962591
796989,64,32.645465,7230,23.123955,2018-06-23 14:15:48,1720986009641,1525162156602649168793593350550134848511191517828817947381263558838887729799136005422023073497129
797474,64,30.102307,6674,23.085863,2018-06-24 10:41:26,660471938881,1939463188460179888764770660115705624932306611392020016341316060151264887404972812561405483024193
797658,25,32.132628,6244,23.109035,2018-06-24 18:05:32,24336433,2465691382626310429447542483205589848490396516619525293789160759424559841229776574513
798013,32,30.634253,6096,23.085288,2018-06-25 08:27:40,14968481,263957187174042502044363862053744897742588740137551570152270126579606613665216362473121
798829,64,30.482329,6756,23.171495,2018-06-26 18:30:42,911536498831,1801168072685423313912039388207767553388030614776929373793212223903533437133297352388433381632143
799271,32,31.155095,6210,22.968027,2018-06-27 13:35:23,3553900639,368040452024271075417267982236060310910108497242264928797047372636907060072324103682143
800153,510,30.611327,16246,22.862786,2018-06-29 01:34:48,3.4378232240299564e+152,307716434391485466815085938191834528284306413921786782472526784795803115905751522492489544890960165904377866848282373341440546849102131513005696133930307189359640756431919514393170158942499468390050434987942259835465788539224889623
803687,64,30.372628,6732,23.080938,2018-07-04 23:07:55,3514974282441,1819875442078696755812169634754264801189624028999574741242160861451131165918217043933980449776329
804291,32,30.513305,6090,22.880639,2018-07-06 00:23:08,599522361,477192587405640572793957760044980285330781592832637611761978409372126066540268161334329
804408,64,31.048108,6880,22.944503,2018-07-06 04:50:55,4414814214013,1721904176633192158578399290748405624686656225782805356622925676968779977843592576986083952088957
804709,64,32.137257,7118,22.901175,2018-07-06 17:05:20,382915209463,1551639563273141271849447940794849202215855179318445350853571670997700258601968629192035806898423
807452,64,30.340255,6714,22.713358,2018-07-11 09:17:16,1035800543503,1273788258531369175068473068032065293392735431205061346032187136463564156137586437538733202211087
807828,64,32.286640,7140,22.751615,2018-07-12 00:10:08,1340814141973,1100687933550179472211645601074868825346555851157136294508078528030370965994839466423181088139797
809562,64,30.644071,6786,22.812633,2018-07-14 20:49:11,668777073679,1488253670920916969518344584859685882154032331780582857008007457380537366360853683461092411984911
811965,25,31.334212,6086,22.938687,2018-07-18 21:08:39,31628183,2251161914966767183575408364901423626637480220634050065633721379522517718829570890647
812781,25,33.841563,6572,23.018812,2018-07-20 05:27:01,16605469,2185661416006921849254894901278363973880537586016174758945672074874500702798310367517
812834,64,30.328448,6720,22.943265,2018-07-20 07:55:17,586072744287,1692108976107186478775408959414804559174852294033027340075132616947730490114279977103828953096543
813391,64,30.752218,6812,22.967354,2018-07-21 06:25:01,1078000172527,1590918879009392220235321232513954670824884719303630235528980323828811714776229860264771304111599
815358,25,31.354110,6104,22.875504,2018-07-24 13:26:45,26299267,3533454204652824430187345000221475456583195507013105832429819600389977395274145942403
815359,64,31.130756,6898,22.877207,2018-07-24 13:28:07,2027824311619,1704619423264520443772689018905960497343753782279331271848887888504772644582925413619891412364611
816564,32,31.397642,6260,22.949407,2018-07-26 13:35:43,88487427,387951498749922121837028226256847472805276833559394895479302954548167231750301450384899
816710,64,30.705224,6804,22.811883,2018-07-26 20:26:25,4063907425559,1720801658099410720962886791317771718239388768952610194037462983827380825720907866791157168221463
818205,64,31.374413,6940,22.988892,2018-07-29 08:56:44,1825558898255,1163213438789861917778306466950934004416823633255334488881104452758138631266073682924292501284431
820382,32,30.055921,5994,23.013937,2018-08-02 01:14:53,3228203,407937418509511735374347380242274323017840816404585359104013678839131345418821523554859
821219,64,30.676870,6786,22.944204,2018-08-03 11:01:51,2579328129831,1174492928645640395013564523323901485506530647142299283213340494454351312228796238077158180772647
822411,32,30.094055,5988,22.999346,2018-08-05 11:00:07,15138113,259569980766830018880202515567734793495773421325350131576475472441479168533047735156033
823214,32,30.006157,5990,22.917482,2018-08-06 19:57:25,24366741,496980286200726735807521324656347152632463825126201082634954546721246562887718082432661
823246,64,30.660586,6792,22.959450,2018-08-06 21:05:12,2727229070009,1606433386636447159154981598835642811522431471683324217049470738109208466506305636847965425703609
824159,25,33.545479,6524,22.983926,2018-08-08 10:42:39,6228563,2901116865668000639439129520340368110949192710713371767179330487082176409161191852627
827052,64,30.264204,6696,22.989561,2018-08-13 07:00:04,4021763803595,1225455726282056994099392602393836900765896467554802345069003788935430985683791594224459208034763
827699,64,30.680685,6792,22.980935,2018-08-14 08:18:14,596164283471,1389437925266782452333898219996587273032812373052489893152480922576095621625182069641553121971279
828284,32,30.418761,6056,23.068717,2018-08-15 07:52:02,23585617,290184090052466614144276617925207418751915289548740396407299332051434659232096560079697
830356,25,30.230678,5880,22.916639,2018-08-18 19:21:19,14341097,2966124785700582761031623510496317287875441895413104123424410021161172982967362573289
831927,64,30.237231,6690,22.876041,2018-08-21 11:26:05,2072899718641,1224148669618557100966587111487961172511348357731289348778992035097243673566445342091575576202737
832495,25,31.529789,6126,22.781772,2018-08-22 10:54:44,28583753,2399605581067716236998447142852805765868897858750572398174668702576418784118855444297
832832,64,31.323508,6942,22.861529,2018-08-22 23:55:21,566610334881,1776272143623164862701875842978081835385743215969864067686756755923377925617314057501846378615969
835125,64,30.239643,6696,22.864350,2018-08-26 18:58:13,1856636506661,1466698636951688018995804138022095575515074991822305648311122579074247370158762737381037557994021
836948,32,30.520225,6090,22.899637,2018-08-29 19:29:06,17892999,456080104171955314994349500072492738538792588112290382539392950572043741504031813600903
838295,64,33.210487,7366,23.046114,2018-09-01 00:45:03,1216363544367,2115389631197742988864790656482331991711596058298207435515252819504575768787970451391285151055663
838552,64,31.038496,6878,22.886944,2018-09-01 12:03:20,3130857234389,1729129848413346553138700266366121314094991034513790960562567181478244124661275664289636810891221
838732,512,31.048267,16522,22.798306,2018-09-01 19:43:00,4.851224767839418e+153,1273842235441690259034251255172565516138567330606282520026437743537618797071556180514116308297398245699174725009004252661898434884337777102139336937737572593515652269606942146367620586084985755153064448010649207809166587941938768891
841377,64,30.884699,6834,22.878943,2018-09-06 04:50:52,1933112703389,1254140852167269238441889546087040854671112340968839017694309344410610411951030121628086480861597
841604,64,30.447391,6744,22.798999,2018-09-06 14:48:36,1866838594785,1566181221364261689407991142852794169759332458366303214873678842687803449809777301330946485671137
841658,64,30.378146,6738,22.923724,2018-09-06 16:24:39,1314807306879,2129782601393277320081853460467862532927221020055562269044671057692078740044223375922879390505599
846327,64,30.028052,6642,22.792365,2018-09-14 11:40:19,276716802477,1156038429118803211891242944247597691608511959967172212020403952819039908215136491580346104238509
847020,64,30.397464,6742,22.664355,2018-09-15 16:07:33,691403860893,2109924081725891895311632893084136687243001580678329172614989105274309753494415937922399314488221
848924,64,30.343900,6722,22.923197,2018-09-18 18:19:09,1516869676979,1614556647854864733501812159591206215798748205241658694881451660545718564514229548612183530303411
849201,64,31.342463,6950,23.111661,2018-09-19 04:28:24,1065558695053,2005177665156337493620207651551015606100981117581739343006548443127812841711718097821289404128397
849991,32,30.174549,6012,22.879877,2018-09-20 13:31:54,22014537,338190789252786730075395843725346753850057055940757295023054053252723865186918397373001
850383,64,32.531505,7200,22.985685,2018-09-21 04:48:41,1353623277001,1317514652637119145656903674214657552063311997792393461035629816656525107727918858505171318345161
855258,64,30.098930,6676,22.904527,2018-09-29 07:20:29,3233900007809,2124924289305563519806558318072600252508517612855528144747733599312072102293858640917794966081921
856269,64,30.397523,6738,22.941835,2018-10-01 00:11:22,2206737111919,1848968144380036734148785385743165763334521755337386287159527226606160355239205148212016288635759
856836,64,30.043655,6652,22.979637,2018-10-01 22:39:13,517620887177,1437601345069824412907544498890626998855843972145448475881253850774159050494713485437994327076489
862898,64,30.048525,6664,22.844295,2018-10-12 05:16:09,841685211455,2067720333184867626524933835808006177215507550060688277864693078779345336650601091518348626827583
864417,25,32.734729,6360,22.695509,2018-10-14 18:14:39,5569627,2391503137110402001522289462578918751969087650264865684030989667194889630265199885403
864899,64,31.521995,6972,22.878119,2018-10-15 12:34:46,447480129503,1139655607408472844009395150141753587970715971760308118326938015173741272199218387236251760912351
867147,64,30.118984,6674,22.889917,2018-10-19 06:30:07,3058297314625,1715409768889312018910297520870723483329596491669107181947301601628847618143496862302521611885889
867345,64,31.123576,6902,22.912033,2018-10-19 14:16:40,1933878148529,2040062254627292903671397693053049782944572841079024781153968884260373426858182665720481387036081
867718,64,30.296704,6720,23.054235,2018-10-20 04:41:54,903863186995,2134303616810313888103472803555524289169174845359342936500254166670103749903371885874670340257331
871231,32,30.014932,5976,22.896122,2018-10-26 02:21:04,18983807,294050085271417702351579857290119744692349908767029412452506775070464500436570296396671
871398,896,31.490864,25144,22.915739,2018-10-26 08:47:04,4.139140527478166e+269,58087467546066607256354532193109261055070460429125573896650251603854318678610409493116999452753598841343053591152683248515747410869636515999914720909924595296594289943325094354077115108133847272636195138052009667059966420463328659299356724631213957067309066263820111577639356185795345953570290066148918594477925681553177418526671285193415125738809
878773,64,33.157803,7336,22.792961,2018-11-07 14:21:10,1306140233179,1217607412571128227191330818422449498217337920870585990776604850312853695750936260698737039789531
882832,64,32.229942,7134,22.814511,2018-11-14 09:26:43,2927241035763,1348237511362286448103337083050570676296660195694825413089542724083117358284120455850031237922803
884144,32,30.153378,6018,22.784290,2018-11-16 13:41:59,2327403,474605798528907523201435081767898197145801138644930820043054410225177104889071630779243
885114,64,30.789206,6816,22.824352,2018-11-18 05:32:23,2072915846181,1388346056102745218274121602108343633425308307536556776442500401668772415121802002961523353953317
889743,75,30.286401,6928,22.837630,2018-11-26 00:05:58,160498615,2211363240963602857946330972142505848244928907636293952991883293056627377889014138152242456441193399
892892,25,32.456875,6318,22.001421,2018-12-01 10:45:13,11111413,3459576821090271584969728369924752909813229321991388569813672306080661005720051354613
895797,115,33.634649,8646,22.186754,2018-12-06 07:27:02,283866159,4346640091277154647526491774555637780176942751639009063441454221184838842882911780891120314744346426833342526511
903901,479,31.663342,16122,22.454000,2018-12-19 19:09:32,3.512197103340437e+143,134708934471244655613796800889028384978808954375263601629377964695739480875266436512668707457189193711568663587501245130743281395942848816512174307221318443717274691353008030717218330802631586878494047130542801647003335869
903968,64,30.619029,6774,22.444239,2018-12-19 21:55:22,142554269,1205387858880575578120876678299172829048137382123410849491904869786124903190636079000954842592413
906108,32,31.048932,6194,22.269069,2018-12-23 13:28:33,2263755,434596504887203879111969228482327090143651899253704058015307137412464333044503816604363
908144,64,30.512018,6764,22.417312,2018-12-27 00:10:54,3366122675,1886969785501236911709705852481180899146953843283226621944513146806082107707690669318029770421427
912379,479,31.968393,16280,22.541097,2019-01-03 07:07:40,5.369459821674344e+143,146477081448488030219467993735799493547020541529652300966613403959459105806218807090863677069584494594082804497405530525361087631991871665651996565944124002092297149454294244855324271896290939574797498511512977910260881557
915474,64,30.840516,6836,22.257704,2019-01-08 18:26:35,172388371149,1837310110233100424409730469528988592079517004811901829019093969354008016187701871647555307555533
916029,25,30.529733,5934,22.079827,2019-01-09 18:16:20,10063565,2587642038124893270276105354378066182298099760869868933607756345345394749320927481549
918441,64,30.643174,6784,22.048042,2019-01-13 17:16:02,260831159,1403285150934659845125546157740569974196432685397758242800411984985644641024672116555052030359479
923558,45,31.402995,6546,22.401647,2019-01-22 05:38:25,818196037,3383112882586389285035637336202758692872929397739807494202731126633379282146270725538098757
926264,64,30.594563,6770,22.036041,2019-01-26 23:27:39,659319165,1262351502984142450495156774476835883892464668236496362455870194667920960612516312549461496457597
928368,25,30.404066,5912,21.970955,2019-01-30 13:19:54,27337175,2802550352013976603420233064465657279874785751777349184233758932562074647703687602647
928911,64,30.369259,6722,21.646386,2019-01-31 12:35:58,668397031,1341882941394214949380969447270831246011795898265762967156103475543253218023399472774396874517991
932762,32,32.388506,6462,22.022284,2019-02-06 21:38:29,4958925,445000695293606842538528279692694701701109912137470516737332471624932169778243044092621
934461,512,31.095081,16542,22.071736,2019-02-09 19:32:54,1.2445574758477722e+154,1087723468016224293898912028260753820957385792248437360270287009170208963079041441025567102858713933576075422720787094264473615275715949848386472989473109392342881186758401501266087481753109843867076957555800728152456023970427214069
938441,72,31.478499,7156,21.739494,2019-02-16 11:36:06,119368255,534645880210510984422818872147254351618243700213722798722040018913885212969519306959770966202083903
940034,896,31.369291,25048,22.001733,2019-02-19 01:25:04,2.930498500792802e+269,60104028619914698383525856886002661191437130924218168215104213129920847254961596064567887080317916746954959403911007695850832358937649680985750300077160147255728449011803448467105312050396572128335429428898907909617940398475052483117142698788275019070022168160899904961077616040290102408761803764534292851155998692746403535215235104263546165072953
940065,32,31.937039,6366,21.984044,2019-02-19 02:41:19,21753211,369642725667681046123267974978783465336154627963167369559032249874701607558799044636027
941039,64,30.101869,6662,21.769429,2019-02-20 18:02:14,2784592671,1306034231989594512678485547678443622653785729035491915153269782508278547339771805205710121829151
944666,45,30.649764,6382,21.964817,2019-02-26 19:30:20,859556567,2693403900863496375779907420644684350725040450926217898080648446581387164354083068892138199
944755,45,30.259727,6306,22.060373,2019-02-26 22:38:05,635570189,3199968342329407386236214845769840452249277592894147329319292257651400335632870749371500557
945582,25,30.169546,5872,22.043024,2019-02-28 09:18:03,20292999,3374362385509567114293858097145737170858049671775300452103224323698315802285671032199
946276,25,31.175389,6070,21.844315,2019-03-01 15:05:59,33316441,3624515274510480698430273217494250180037589593016144561846640191314716780013519920729
952002,45,30.462560,6344,21.914693,2019-03-11 05:44:14,660557433,2781480170966675072809420133530108304722394678865938117020709231375192341406864810813902457
954434,25,30.295021,5898,21.606259,2019-03-15 10:32:43,18377605,3554842016390528425173861639591211629476644810940250965198499936766325082633960713093
955679,32,30.258592,6030,21.951909,2019-03-17 10:44:00,6135787,352515644603605622242061949459090864934415262616319370671454290424824853454110685241323
957763,32,31.272634,6242,22.165006,2019-03-20 21:48:44,7040875,484095771014903770246493126186928559001780273893062066070621162374652257572759033048939
957795,180,32.705655,9872,22.174503,2019-03-20 23:00:32,72019529,122774599579071124105234211026559555076407419061810435639550370629222326753087957406792100088049662540557305181880259636329060167241
964333,32,30.164512,6004,21.989553,2019-03-31 19:54:09,10658443,277187320925572555286975564885199480086576037958466833162089991213333070653851110122123
966530,512,31.141020,16568,21.547367,2019-04-04 13:03:29,7.008575224205817e+153,1143651887836568372475370635383440693779431654041460830694512973357654469924901813226158795477798590894547757706795429883765097853902272605341134387776760537618842157417671720547868216164840205638588767069616912459521457105894907093
967075,25,30.602900,5952,21.667710,2019-04-05 10:16:09,2378335,2927712924686165036400093527119781393905057096732076255202252790282893706009170430559
973706,512,30.161565,16038,21.904811,2019-04-16 08:04:04,1.2956516743797299e+154,851450097273058266757848357249565871051649625305678194569219002020053962072398694269387134886830031987715169041830552718444729437930916590683566148461330681444085454794685364500367165903927969587301552088629351947583953959171785689
975518,64,30.571654,6780,21.784291,2019-04-19 06:58:05,2730098685,2066582909008331754816999213148235899979264480155748494668791884984478825424827077857548487491581
976648,64,31.656559,7008,21.601756,2019-04-21 03:49:06,111485211,1387849919447819133734780161515923627550054006505879035055233136434665206622789792370319505563931
985572,25,30.721201,5976,21.731168,2019-05-05 21:45:13,7006261,3023738937259805077920155937280597269402242907147131029991342348546736490923669776437
992971,64,30.002094,6642,21.231281,2019-05-18 02:20:47,1495280539,1399870439810474818897074742283493893551622152100587193587916710071651351019932377498754350066587
999751,64,30.936652,6860,21.357448,2019-05-29 03:00:07,2440161659,2004281018364537997123745160682188570589108933332591633700207990642537355022835131441852141660539
1011013,64,30.629395,6774,21.653653,2019-06-16 23:58:21,1116960629,1118431083193212608796910076492530534303872504000827795515646050678196771127002096769016930727797
1014858,72,30.199757,6864,20.426856,2019-06-23 22:51:37,757921569,512052534863800799721398802326903983511510269713276162199298770421232080143558011139583393265415969
1015917,64,30.470641,6752,21.749030,2019-06-25 11:15:37,2930011945,1719748571300212563839606773618189430055676175921588682843925938117506151854678913749752092061481
1022850,32,30.360296,6058,21.990375,2019-07-07 02:43:25,24968631,454760846401835978941130723921136294022115852509612172677345931959647793202568449818039
1058444,45,30.508262,6350,21.058009,2019-09-04 02:04:48,308724619,2478569513829085693471767864559236189451352480959111475772175088687851650046477427859178379
1067254,64,30.733684,6804,21.474253,2019-09-18 14:58:54,1192846769,1401562929137830196043072465320405420471546682836671812972612373186801161969507374790749472777649
1067581,64,30.769865,6806,21.543266,2019-09-19 03:34:41,1557678447,1152892929923696557187843575088330298720309759294389575670346003656768950949414068915636146817391
1074753,25,30.046805,5844,21.573924,2019-09-30 22:17:08,22212053,2942935124891861629359820972000442420413079095856493238940140015477253202980967214549
1082710,64,30.090236,6658,21.558158,2019-10-13 23:23:04,1469287401,1245601846436185356583713764398133771487018636972921015907087553571165595445261940938193438477289
1087321,64,30.198161,6678,21.325405,2019-10-21 13:29:58,198766527,1095405100879563140566186239806324087368946763429315848693982077611575473780226707604656583405503
1089669,45,30.397006,6324,21.475576,2019-10-25 10:48:19,1745269143,2257242388263893619321110491279631502386405590043492405544337119006083555530213701791953303
1098820,32,31.877454,6354,21.657558,2019-11-09 14:40:15,172419,368221405388079181400789997951967077413201972830715806303894935171210019030059559592323
1123371,32,31.717921,6318,21.652696,2019-12-20 05:58:43,17517897,322542881192391511997442041643559625646721120246051898449995939488557466648080351448393
1126410,32,31.609245,6304,21.669522,2019-12-25 08:59:51,1419695,410827550915205582526965178399896129154594395946348810203269444934134722046702034201007
1129758,32,30.808883,6132,21.485724,2019-12-30 23:05:30,14458689,274886509421005869923349001563521357935996529873672945283557144078994331741397609914177
1131112,32,30.680636,6122,21.639104,2020-01-02 03:52:19,2827177,455954916790328760196063430349222749642018306660429609691832725514454430168739285246889
1132730,64,30.405380,6728,21.615960,2020-01-04 19:58:32,1703229221,1256664131251246016574677002852610418232965012535856098305553113184811585455064694623720704390949
1134836,32,30.005810,5972,21.488984,2020-01-08 06:41:12,15605583,273409882266004667988927842771074982287696562716780222808274630185722655885475848265551
1141102,32,31.990456,6368,21.046150,2020-01-18 19:45:30,22249601,282088863274269147892080968878260582292081687645561489870275480153904016250035651182721
1151013,32,30.684202,6114,21.540956,2020-02-04 00:11:15,9128887,343258690988690583024082597785029476360516460885426146346899037359752621222732271143863
1154396,64,31.487641,6974,21.552636,2020-02-09 15:16:55,3790752837,1545822410049802162120830444145723789036255089398683220031564236991710820397475559236860397112389
1154697,64,30.078718,6658,21.683938,2020-02-10 02:46:52,1258788787,1355741825495194254537142516026399705926356628134313846031074916103031063952459748786165254690739
1155801,64,31.392276,6950,21.582033,2020-02-12 00:06:15,2477212827,1410398415847316850108786032648260008699725138154620529257509286308007120966637279620049861559451
1157086,32,30.847646,6154,21.691379,2020-02-14 03:10:16,9417473,436783208147173052367049842233473110451883379130337540056883497355102384689323529188097
1177736,25,30.278384,5896,21.556339,2020-03-19 12:47:22,23382911,3703315475197950529105113958393103093082777904971478570769505915077197320042855058303
1184022,100,30.651356,7562,21.576556,2020-03-29 20:58:40,570524497,139588255549389727293377092585106866724122858229206651859158564898432613961512756977008679936320143305573201
1184210,64,30.687070,6794,21.477200,2020-03-30 04:27:10,347322609,1416243744934984037155851425777939410816270861709422028082784247356392982054336580649090957949169
1199340,32,30.254436,6026,21.619887,2020-04-24 05:15:18,14934333,317429064507153020522653934744886567426063436524539261720247721745744449825434153247037
1199573,100,30.353056,7478,21.620401,2020-04-24 14:27:37,1503329269,99072104698438875049235415981258563604989182700264330705965210297754735479258674757603378854268743517404149
1202406,25,31.434093,6102,21.493697,2020-04-29 08:48:03,21539903,2020395421771070866167178398134886981189171319896478047681362881861618552881948437567
1204682,64,30.883101,6846,21.510790,2020-05-03 04:46:24,2231105413,1870974684973292660133088388340161846274655071345557344923008797340318235839610715220653289240453
1205999,100,30.143802,7420,21.496270,2020-05-05 09:57:16,779723099,79996492671563103258984351644824297337879613764642567402618701698152013695346271607316698175573796887044443
1208761,64,30.886484,6832,21.373090,2020-05-09 22:48:27,76824823,1160568953315365266604236927108619215536614393750615002306855490383440965321129885001187513876727
1212204,64,30.567888,6778,21.655818,2020-05-15 16:20:39,556486037,1989316419020554131872406739576273772088010323040733770433325160698766138347502048208532489850261
1215135,64,30.690373,6800,21.521152,2020-05-20 14:22:08,288912273,1681488760749486120507615883101816055471894746323676349355404511100650440844268465290549311075217
1215642,64,30.103506,6664,21.511008,2020-05-21 12:05:39,3447001403,1379054942473325335858067153238433402520755249409995191645559739307666832343741473815743102783803
1236018,64,32.371280,7172,22.016488,2020-06-24 10:53:53,3914697859,1659052926700695888551529303078705154070299945735856947478692520891295905658594788782452176686211
1238571,25,33.014092,6430,22.158454,2020-06-28 15:17:47,12867283,3850353159659634452118247424821019403481619633355545905893461448038028731533379262163
1253640,109,30.199823,7640,21.788858,2020-07-23 17:50:59,1361283789,73878633053134968827401045548167131878364498760444344861930952996854847898963759844706109014301174964085295821
1255850,25,30.868670,6008,22.097342,2020-07-27 07:42:14,29539169,3366408628120238658482163869480840087858153916258865520574942407377046718436216060769
1259354,32,30.141456,6012,22.056457,2020-08-02 09:27:06,14960457,420885568171171422740381489284528075598809933565181928176754882552029017555730354685769
1270637,25,30.674775,5966,22.106236,2020-08-21 11:17:32,1969903,2929726130575821975144277750935810698330004633478913385708081744354258001955515141871
1270700,120,30.078491,7826,22.062976,2020-08-21 13:59:50,214491621,99382474025013448400611928450824465031503536997144456160886031195331928396952599261123279861981338109835691483621
1273142,64,30.488645,6754,21.947562,2020-08-25 16:14:42,73256421,1611112726927735146757182528812952733300162092287359731488115661317027828974134181674560801066469
1282089,32,30.154111,6004,22.102149,2020-09-09 20:28:55,10980145,296885557226378510701101850916225900334692208709489543941505476840167351611835829160753
1290355,25,30.533801,5936,21.847620,2020-09-23 14:33:02,2613133,2692184576924153173477599993990256112665610292758568731743802477763399215755964178317
1302687,25,30.528142,5940,21.858475,2020-10-13 22:03:44,12424743,3181714613140248820912305624593321642851183431326224485310098595144146108555691136551
1304187,64,31.916167,7068,21.914531,2020-10-16 10:13:53,94771699,1502296623185286486728988857513445179349531394819358696559331869952307413918166259533458547546611
1305761,25,30.634603,5954,21.865229,2020-10-19 00:51:50,9291875,2555467496797379455849046486674197510460554058421639594279469939452233690333842360419
1306551,64,31.807546,7050,21.824601,2020-10-20 08:16:31,2948344377,1817298905423987907544046448107146982720829610608828973839340938530492861003715799400245502945849
1307111,32,30.001871,5986,21.893360,2020-10-21 05:35:24,20486199,447530061294910557832743611989876567835307532637061303293388472197466959751876982642743
1317468,120,30.107868,7826,22.093620,2020-11-07 13:58:18,236269339,77100323241218480454175046746077515918268033355615093126193582273401976751061545112913414374177714275868912987931
1320389,32,30.506280,6072,22.445825,2020-11-12 15:34:19,20748875,276949535752283963603760911095804164314844956699434686420816703250370266348587417639499
1323214,137,31.634808,8604,22.310045,2020-11-17 14:55:36,878114055,13150216480910518405458722095121799837975046132390686422259120376812444069320088906214371423276606296247383063879152903
1323633,120,31.386900,8178,22.379078,2020-11-18 08:31:38,1471981401,143684628265123554778068515613216949727099159260285034435945551440204453115377051549943614006961796515092917692249
1325977,32,30.510011,6086,21.908033,2020-11-22 08:06:42,10777233,427674878262491883601041812842245748961167597193138131062471942230320067196184877626001
1327033,120,32.760217,8524,21.864073,2020-11-24 01:47:24,614247767,100152547253633598514158834543885456997106769018683481582321229325353991733900132976576749054080866671180631551319
1331502,32,30.203553,6026,22.216921,2020-12-01 19:39:17,23936067,443991064309875860212057582103808874775991063837233436821747064117726927822410704829507
1335160,64,30.093743,6660,22.125750,2020-12-08 01:58:57,614692339,1297306563360369543823726058056661473851815067073623083044103160782196737193957513982365227251187
1336041,64,31.812997,7050,22.291375,2020-12-09 11:35:15,383684359,1749565813349393380029780847367033770949918203415250351136369740491150640296493610015897843306247
1342450,32,32.933919,6558,22.061130,2020-12-20 02:21:28,3420552357,301528467020695239081875886320037782927133625673969073776603305510043760428477564681381
1348944,25,30.080882,5844,21.850785,2020-12-30 20:38:46,12885025,2360963219529543365782591039970561836964179094824412683270967391492578222864897186849
1354897,32,30.149624,6016,22.192941,2021-01-09 14:42:01,2849008213,455317312162565397119390227929951230282896902794188316850897175392072317921309943163477
1359204,25,32.944799,6412,22.209175,2021-01-16 18:58:09,28779131,3358338491922991686807716465085452577954512872864066446912509028270139136806049227387
1367524,64,30.310279,6712,22.109003,2021-01-30 15:11:37,3974223545,1484179747153909111111850806166192641760545934906388760671087765688537398782306290085543597430457
1369173,256,30.202050,10706,21.944358,2021-02-02 10:23:29,9.86365510301144e+76,8879336122733176356917976082985666688561426207090481797415368864815534936341145030769442983076781980855023484730723553651134085235314734585239695241926803
1372905,162,33.644757,9738,22.115076,2021-02-08 16:34:58,74346369,501659213896641070425551073826394741758182328582700514152199821460191935224220593522615735518498430438019998041878981782695809
1375419,25,30.588320,5944,22.059390,2021-02-13 01:27:55,2019407,2472899620473650375670560927458031812275329727782818707148292193614284305831357763663
1380234,25,32.215998,6256,21.733885,2021-02-21 06:18:01,7552935,2164275818802231261451706076939389831815228454116608988872128293054071583244398313383
1384817,32,30.085129,5988,22.168381,2021-02-28 22:24:55,2843831599,275355157204779594384684535058028640868097259673291267480263695974032356188528213847343
1385576,162,30.243786,8748,22.088816,2021-03-02 05:36:44,106329223,416351545526953353680963074471221389915248071764966064394180425076760847550653845039997204783929382172523776405554572691928199
1397149,64,30.758851,6814,22.173654,2021-03-21 22:21:41,3443724565,1618603963955584535007447162032340257949974442864258008559119683408486574647709909900818053796117
1401864,64,35.120520,7788,22.125691,2021-03-29 22:08:02,340444481,2018856841140344064108442668186804684558331008471505842842750321521723959152352425412207728837953
1402913,134,30.276293,8178,21.848212,2021-03-31 17:05:08,6.988514736712847e+39,2033736523511828393155678816040042521566382532513847833223144774417461747809229084075629180804145375829312802608178291
1410440,256,30.172496,10696,22.374723,2021-04-13 02:02:47,6.198281315788629e+76,9020679207554037127143008468841016714981343822960569017281543123400700619385627099928015766796551026185034688314071802027812288506782363307439305635952713
1411959,64,31.519798,6970,22.281807,2021-04-15 13:42:09,3678121349,1086203525130492918541485988647988579241978377347604141490528343426040074686301392560978025753989
1412867,64,30.669803,6788,22.338612,2021-04-17 01:28:33,3240686655,1319191525235578514355401335145112204807352611970679983289113272771015496937687720610018464691263
1419496,25,30.136302,5860,22.396743,2021-04-28 01:46:19,22577723,2808703887743593480675886966094352930452706306503183331520265251495108574225540612667
1420016,27,31.594990,6186,22.393257,2021-04-28 22:08:03,7713753,10733691100173421240685570531411447423949122744625916243835116560873149605890414195673
1423189,1024,31.767181,28168,22.335206,2021-05-04 01:53:22,5.345812889680436e+307,12287698856021628501449157206449548490592075535171601681720364516185043037310738786729783262231669242587960767801532559191822894350417677869008289001104736697027363165293108367421135384670870018406914791328644493079280036303492385900929187557141468962040478582938175966212878522885883385053360649336176945293076102632678730719278753605973529212264927990035104395930584175930556618618833
1424506,1022,31.215551,27644,22.354996,2021-05-06 05:18:28,3.1881697412774824e+307,4021114343223697707422303667098915655946374082834732165920852858001119138760391716928495517591313023656535060886307077361905273595681025594694435318262437335478584288633947264091194013309777601492656497716772659677286198382895444253100542333088616344570215485306015872899376812943636943635748350625676432086890454644112402164692886816380842457983069277903056298602682771514364829806839
1425449,64,30.226770,6702,22.587331,2021-05-07 17:16:27,71174203,1965642477046926110726002776888678818697415084598199962156454035253028554396666634966191765850171
1428904,64,30.112165,6678,22.355833,2021-05-13 09:10:51,2678900553,2059912928390620248395784654938395774220886067693298035984254913572354302729173640245224869250889
1429168,64,31.089527,6886,22.360578,2021-05-13 19:00:29,2100106235,1554580364048744535422448054504079750182235123178471244024702416535329579940004435063829183665147
1437361,32,30.165590,6006,22.401405,2021-05-27 08:38:56,3052271709,294089071007447894905428834334064762317263454946019519403098519409823953749542792198237
1440274,32,30.146737,6006,22.623190,2021-06-01 05:10:51,836031033,333082646846601874086381753534668216988531584024772862139678605847124436120994512687673
1440815,256,31.997660,11352,22.323894,2021-06-02 04:42:31,1.0589532328704452e+77,11946317459149763838829962480040497523848263250447975468393870321003998070857813326047891492377900996508489893614941135477874138946627836065399230325193777
1440986,32,30.765492,6126,22.408214,2021-06-02 11:09:33,2754941,299480541300720000376850731000131778503654588598110526471584761766371584150589231729021
1442267,32,30.720264,6114,22.276760,2021-06-04 14:34:55,7246065,271667903251278239564421884198150123666066886535797283909174847752208368047002189992177
1442422,32,31.488850,6282,22.216477,2021-06-04 20:55:27,1892996991,437921090600498478759814385106773593868985751184200445539891474654138526521192508348287
1443821,24,30.599969,5936,22.589772,2021-06-07 03:05:26,4035327,1768231251581324711541871772878067423501249183257921497280974443455915601212729037567
1448956,32,30.814148,6150,22.363350,2021-06-15 16:49:17,23854091,476514076077981221508260664461047813346970248466461774424693684324236995301735599438859
1449019,25,30.391764,5912,22.414111,2021-06-15 19:08:31,5031633,3032040043657115557032894049827381527789730526236718651611499504173926932262274516689
1449757,25,30.189865,5866,22.570242,2021-06-16 23:40:10,18404241,2426548123165198861174206658213862908663770325818537610151531085692703129352126649233
1452064,508,30.340921,16066,22.773587,2021-06-20 21:14:38,5.188323433859904e+152,92434829419077408467380070649154005941873910443421858004704617951829685347892010525927836031535274705852417101183576142623355987971031534397098839951838618230007042579653326195836816624390103965962067218361260941937604626538432843
1453913,32,30.215484,6020,22.757456,2021-06-24 00:24:43,321989911,336449683398472047883363583853668906519257472891551724911519730321415633007906777017623
1454038,39,33.568251,6860,22.716625,2021-06-24 05:41:40,32852561,56535140048367774500318013889333655907050668587429892412277894149906614671127631875099217
1454142,32,31.275622,6242,22.589206,2021-06-24 10:28:23,1336594769,474951948273174593425914351969848283148934213726297757335118935020758867356377156342097
1454816,25,30.256512,5886,22.649459,2021-06-25 13:40:50,2360957,3063275578346955422181176361476592440724365515673012012391293009578747435802152928893
1454899,32,30.246546,6024,22.624981,2021-06-25 17:09:11,822730047,312963683754734164325883933128006301386382545862659744511894719625299773761078946291007
1455456,508,30.419046,16090,22.631058,2021-06-26 15:43:40,7.535286593313897e+152,52222796456818631324527364714202065236525679093936521175057398922336593550642851001218725970024590329131413128918754001323458576536044593501264217689449964010946247713235427887788903307021929013425219399005734022999808430391728191
1462936,64,31.291001,6930,22.406557,2021-07-09 06:27:24,588722135,1523874585963050223679360004710145707350549062512346536763839288220388056472512227262546788691927
1463512,25,32.583296,6324,22.447863,2021-07-10 05:27:38,26215879,1954301481143487112522012215546503913387808482299340936591301836226613341756293383623
1467650,64,30.043872,6650,22.513746,2021-07-17 04:29:04,2737521667,1342862930231083480304304735189746667843763378174639901390120018203039943103401604682375576110083
1470530,32,30.487271,6076,22.316634,2021-07-22 00:53:08,16052193,357503413146401955838925678779301949954121748009018135743835963753501581056571230973921
1471736,32,32.410685,6468,22.637654,2021-07-23 23:04:45,2356178513,467157836047145405455785905763181994575984569149683945676197322846867841569244595646033
1472222,25,30.574453,5950,22.443025,2021-07-24 19:18:45,18328549,3286310436039557074539800286457551403312607880368916225537091260051105827938450779109
1473777,25,30.513023,5940,22.360575,2021-07-27 09:16:17,532619,3503728121781713088399907998070333953929793879788975711610528709428743203427092799627
1475895,32,30.315696,6048,22.177363,2021-07-31 00:37:10,1607658827,438546265567623653153535424589693190774609534463892028094159963304651413270450991721803
1478674,162,32.773681,9480,22.090525,2021-08-04 18:07:23,27786729,419273919172688269842462913263163278691710186932777005479395969172492677157489542484868720552145839795523975591364332171558377
1482015,25,30.053930,5848,22.344207,2021-08-10 10:01:03,23391589,3210379604476181419409531822848441241426955676676743026000375330229801339354435874149
1482575,508,30.150809,15960,22.515681,2021-08-11 08:23:31,6.034187077920929e+152,77449241608163782068525504837478687954354981261149207387210486449584500418397042852922571442175789503901747287582805878991877915050581820686077694789797162619981189779336618142529252240216065008610511823256606745470031820485148589
1488419,32,30.756913,6136,22.021108,2021-08-21 11:14:40,1619127867,438217916647061548931670154815231303095362035978427078823398699194841511880415959445051
1501648,64,31.781274,7030,21.975960,2021-09-12 18:05:23,3716582501,1163311194868809935108327833206511060219291836621304244937797133839523468815281317071443754126437
1501804,25,30.424812,5922,22.097377,2021-09-13 00:05:12,5206735,3409684172828266196691017685787641931894512470587723027345483869892136552442119549647
1505634,25,30.185622,5862,21.895838,2021-09-19 13:16:23,28559567,2184243439402562778479603530929174955409729489315469790906872712447959532611638118607
1509953,64,31.380162,6944,21.729702,2021-09-26 21:09:57,53048425,1268879746856024398029043422098602765676376327316470675377343907545796579118019225078350463202409
1515335,25,30.292524,5898,22.018565,2021-10-05 23:02:39,29902307,3612352738702974351140768840691742703470098629703553655442081650593327057422476920291
1518905,32,30.557468,6096,21.948427,2021-10-12 02:11:14,268167109,435207806121677149114086214110024949123921788470238504334058622131292559645749047715781
1524058,32,30.447496,6060,21.911150,2021-10-20 19:17:10,19626119,274237590771607965233033472483050519617675370453740949011713542234192147898037193898119
1524448,64,30.522663,6754,21.969494,2021-10-21 10:52:21,349739199,1258639968952630952124636296045586054354151961889994695154190757146015918255178877718423573928127
1525169,32,30.108404,6006,22.070238,2021-10-22 16:41:59,5268131,429251626413821254349300335889049546977103333408296761838256274009149506924514211029667
1529936,32,30.097967,6004,21.899237,2021-10-30 19:30:23,3187028247,430420008067965295653510541034765402910445417305061628313256291559511094297416722428183
1530555,32,30.022022,5978,21.991277,2021-10-31 19:44:51,23676825,299870070671112963809931462194940991785417668889221129161855981322128728244163130771353
1532574,64,30.689532,6788,22.054813,2021-11-04 04:59:34,1993552703,1144244435991857569754740726246400884122579677955890813474237256417032329956539959737794803479359
1535534,25,30.325364,5898,22.035257,2021-11-09 03:52:46,19363067,2925622221436055960498494012343260966116764045014976423700049160509276048232253191419
1538337,32,30.654726,6102,21.975190,2021-11-13 20:11:17,5309329,281074097717193676363776945137543767241885120890427346759454619405471777705479428440977
1540554,25,30.503169,5940,21.948833,2021-11-17 13:36:43,6730455,3731164430638614404360348606487769976439994652291740993594965014979592911710931301079
1547233,64,30.902229,6852,21.952485,2021-11-28 16:14:21,736057093,1980625080440770434826234512981628462363981468015993936584818249883520635536996405755818727659269
1553461,25,30.939938,6010,21.927876,2021-12-09 04:51:08,29786239,2293710695788667746861393403608067263542242176544236913780424826378267854641362796671
1554758,32,31.438805,6264,22.099612,2021-12-11 09:23:45,14172327,339361541753014916456741237336765484155328126357426058565773314743830426426553400836263
1557033,64,31.133098,6900,22.022347,2021-12-15 06:35:03,2387893925,1787674234296177545494152785412121724364359932155417247740470654593043760653999485965423233752741
1560333,25,30.094339,5856,21.843259,2021-12-20 20:14:07,1917977,3225033972115883408623509687461577422737610680221519272026492911785624743721490531353
1561177,64,30.833740,6830,21.859469,2021-12-22 05:21:20,720405133,1587913448282596302226224709478129149621455713911999473062271409671183748781569076085401140101773
1571056,25,30.527702,5944,22.017497,2022-01-07 13:19:48,972519,3637326694640577203266237782222991028340640949323554645984193745331729489573790537447
1574947,34,31.942710,6406,22.026919,2022-01-13 21:50:58,11188235,1248117934542514690613059897172359917199511910979056040099739566577777626289020431153163
1575190,64,30.447668,6750,22.043173,2022-01-14 07:22:27,186398101,1903479347873051693429398445256129115633580470869760349801823160748185060859288664216732385949077
1577314,64,30.195150,6696,22.128503,2022-01-17 18:03:54,2847469801,2032566260292573764876530388019936638707573275807521380386031855382154266006706847851538628014313
1588933,32,30.559599,6098,21.979630,2022-02-06 03:36:29,3281579,458223250106187323052376282265783256575105100735964857370816710748467445491323693568683
1589894,25,30.482431,5922,22.062183,2022-02-07 18:09:00,19439957,2360075966174699084770195097321598711140771450422811558407156161831613649835390443861
1597224,1023,32.124926,28470,21.882115,2022-02-19 23:29:16,3.3103265827117474e+307,7652548773453109403016660542466408869254570452408124070682530979725567665994940042625983567224245501284776896576773456258574084351542530482181217563896753011497847780742563917797183985953562173127537085049568888699427754322041161679476207734662342692954848393977730336418041280185792195856690113585507786714003778281126269256821702196491089952043809217171993780084452369806027567715157
1600876,64,30.397439,6740,21.870016,2022-02-25 22:29:46,1426444453,1975930846434355651938808254288242499993044359530990680236470230937491628131699466629114960924837
1606210,64,31.749998,7038,21.957361,2022-03-06 15:47:08,3568597411,1861046235015556575625168017341233797750027897564787191838717909696451585440033406966911659702691
1608386,64,30.382216,6722,22.154991,2022-03-10 03:26:56,195012903,1221014571473472071034457330177071577493370546035670755726551390932473269235475326939014847506727
1608716,64,30.338286,6712,22.101200,2022-03-10 16:38:49,2784376165,1209776897646308994516472710930218278995484142638226047479178961061233079312418832867701061727589
1617708,25,30.677504,5964,22.415439,2022-03-26 06:08:31,22419045,2697735613534303705181800723653062699915253773583359499836570666535015941448400246373
1618230,32,31.252387,6230,22.522560,2022-03-27 03:31:45,16921265,375261560440674804957206033739567066013454187517632779220488429293785743561569677226673
1619685,64,30.171200,6690,22.377646,2022-03-29 17:27:57,909554647,1986683508827070574395838688082797359974145437952445810196342596198155964586783522380222320522199
1619748,32,30.242110,6028,22.431794,2022-03-29 19:51:39,510186625,367811443281447061718772753976766964484191852828680661300467100832270964138480272725121
1620557,64,30.188625,6686,22.468449,2022-03-31 04:26:23,2196394001,1531088164930687303911784946276291291247512366665336995046538386829041023219853904920877829083153
1624498,64,30.352859,6724,22.450571,2022-04-06 20:24:4,3683632465,1615365623163563423851254599522743997998063603861442663975938890581621994294454474340548274537809
1631450,32,31.432157,6268,22.427544,2022-04-18 12:39:4,418528347,402006601017306829404231581514998703077218992424436830105600695084753679212959742704731
1631477,32,32.537583,6490,22.447220,2022-04-18 13:35:2,245602643,421787169316446962628721874946055408413957123759989685935736119529077804764150221740371
1634124,64,30.006460,6640,22.497099,2022-04-23 01:27:3,2157053187,1268096772314198943014695841105215587420542147351232636118965777361779368587230350682597885084931
1634694,64,30.702807,6806,22.357708,2022-04-24 01:23:3,3286070689,1868949987912010197508039299960766840261937365356794895467923906721464931236664903060468338095521
1638017,32,30.090736,6000,22.216417,2022-04-29 15:52:3,2765223215,395348078552917031859948469372536558810894654415377856163427552972682378784180494529839
1639569,25,30.487771,5928,22.075282,2022-05-02 06:45:2,27009125,2777276735716229183667304920574059005521525213162933368352884269716518840066010521701
1641385,64,30.827665,6824,22.022221,2022-05-05 08:20:0,2003386543,1365399660156635512562507887440849510426268504570897726810541540963622129414413766266544754081967
1642289,32,30.328647,6036,22.200209,2022-05-06 20:31:1,11569199,271132627900992348415157082637858856504646335954325331483730568541760161348830513629231
1642396,32,30.342760,6046,22.397514,2022-05-06 23:55:1,3540207963,343644424289708916711024959023863718480753612912864864519103008968675266048976906045787
1649038,25,30.892847,6006,22.379246,2022-05-18 04:39:4,22406391,2709560297101513089617427159934323198050460142154868869409190460837369465306787210487
1649566,32,30.124876,6010,22.473061,2022-05-19 01:53:2,1179941067,439548602861884387145731342762814544827348293861678897860358189127774581928350622972107
1649982,64,30.612709,6786,22.463141,2022-05-19 19:00:1,2043662125,1867254272231272848323611686276975508786702510093379033991123899138435963829165255364308479495981
1653002,64,30.745033,6806,22.511590,2022-05-24 22:25:1,1425226231,1378399949272694064790430894648027565574000955342819369144773357295264938480881857577335196432887
1654484,32,30.810380,6130,22.529307,2022-05-27 11:29:0,2711951921,255130990601992483233040493971439542985853300180855633721953453826549229215792668940849
1657196,32,30.519395,6084,22.330023,2022-06-01 06:22:5,3555008907,376717027920043652643146770818863053919419995810668486215753848730733392857021773324683
1659253,32,30.693232,6112,22.296054,2022-06-04 21:00:3,867294789,303292762785041915909521708658368335265616840563909998877660508846235662032688473300549
1662753,64,31.083467,6882,22.604039,2022-06-10 22:23:1,2787442545,1427190713734898273717210222482912889869184326645770061984068666299576205265614221027233520484209
1664474,32,30.357031,6042,22.564256,2022-06-13 21:28:4,3859389299,274286692450885944161096020212293072321727004459198515995035043996097895129917352942451
1667958,25,31.142893,6062,22.341091,2022-06-19 23:32:0,14509623,3434956908876340878853944101621522624139459906135579625085019389174994344082480653879
1671629,25,30.577009,5950,22.209060,2022-06-26 10:19:4,5753325,3233300457605865627300518984103543624161926347182856692496783032839819711126787574253
1676084,25,31.064132,6048,22.451756,2022-07-04 00:57:0,4325595,3585332062377791679399610188054542011826417833452429646598458684255918848528877748443
1679160,64,30.157496,6670,22.328238,2022-07-09 07:19:0,2490907155,1132063475521014634638423707544742117059740468797311132525051518818962845119294606195992517163539
1679351,32,30.266419,6030,22.567545,2022-07-09 13:52:3,1566588665,334808857943159216473310019483451875956725082414359421338920706787572070908079093333753
1682444,64,30.513196,6766,21.762638,2022-07-15 05:55:0,3739253187,1997621906549483879651320495652963962266672939556479670260767434162639686294407796664580488329667
1692528,25,30.750007,5974,21.466995,2022-08-01 21:34:4,22742597,2361350439276558570542932080471341046364395730623475121683562951192688870474720675397
1701187,32,30.115331,6010,22.523927,2022-08-16 09:38:0,1757981227,468238595038694976611388724405145971577995009757806431105318926628349708198691931204139
1703301,32,30.833818,6142,22.432524,2022-08-20 02:07:2,100481885,323668307032118213668826655897314558057025918608148461980901751817026194032499275676509
1703484,32,30.760196,6132,22.568182,2022-08-20 08:36:0,3686504615,376677707202514586735462313497844980892216314204236972130508522057383177688044168517799
1707511,64,30.368513,6728,21.595480,2022-08-27 11:10:3,282676927,1643929982007127510203328938832008603787055234198232438770801906469718229972079716303543882829503
1714698,25,30.183098,5874,21.629406,2022-09-09 00:11:1,29825427,3303832674077931837917742511704510464446445964127535740896293712631610649078665779603
1720313,64,30.275636,6708,22.176889,2022-09-18 17:13:4,2409614311,1675524324044820514002082157962744944277616723599565686490305113011833511544601980350635542825959
1721217,64,31.003321,6870,22.366922,2022-09-20 06:27:0,1668162827,1717719890953446303839039921444468273073181502944769313021180699796792159960647575028637312623883
1729283,64,30.314913,6710,21.883896,2022-10-04 11:31:3,1173743853,1343172669731598365476466622372532481077908764957347316046551598175192518727403062360816395610349
1730236,32,30.251215,6036,21.729164,2022-10-06 05:09:2,455758283,451252697687391530680678500117250970887143339911635065040162254273159786383528835043787
1740699,32,30.639419,6096,22.086010,2022-10-24 20:12:1,1181642397,255249116162976075605813253609824437782336908483199582150580946787222893978311365389981
1740708,32,32.814003,6540,22.102026,2022-10-24 20:38:5,1733859135,360686542475986713467757903282230908381271935491096944304413757808949964069210716411711
1756798,64,30.507630,6756,21.353667,2022-11-22 13:31:1,2884235147,1498744577229308049578020827020114063291293937020408492154321497727231733350884387869267470184331
1759574,25,30.617433,5956,21.427340,2022-11-27 12:33:1,12882173,3042112825427557309256066823111591820028416761063139538548330228527238039082539192573
1775520,64,30.350247,6720,21.543232,2022-12-25 14:07:2,2294496691,1443162065014738249207092469922364821149360819353484574843820857314429293635923140779124830977459
1782823,25,30.110046,5862,21.562835,2023-01-07 18:45:4,32723657,3556245123801732374994468542832420602587427067188577468286495167848352802529476825801
1785492,64,31.713806,7034,21.822811,2023-01-12 07:16:4,3462188833,2112728320896534580832291646107349786144377504421213280211952073344840238051890876496157802811169
1785545,64,30.693699,6804,21.625959,2023-01-12 10:12:2,121585871,1870096661398781740292833331667040753010338689722750620200457909019404232470242293515695410856143
1788825,32,30.144967,6002,21.629842,2023-01-18 05:00:4,1777589003,295124115676980554445366895527998618732121315861575996864151283220261793029971114187531
1792091,32,30.179564,6024,22.110517,2023-01-23 16:58:4,1067213407,486931104606638198911216610466375104745423809385435290316779389261688932485172022764127
1796887,32,30.348026,6048,22.216960,2023-02-01 00:22:2,746707511,354580673907057026265743755014786486138480337578342287302440350786031661903160983804471
1798909,25,30.505387,5930,22.087833,2023-02-04 13:18:1,18696379,2650492353434826754453329416313610290464713239580703543643492582581310919259182680251
1803431,32,31.675214,6316,22.154287,2023-02-12 07:55:0,508804057,396098071081875319892183012247724487359807593581113616269672156809160552242263270603737
1811349,64,31.214597,6922,21.804923,2023-02-26 05:40:2,1356937313,2028019775434152725438398858536933012626908049183559640118087853820515228168824598325238182262881
1812662,32,30.084026,6004,22.088301,2023-02-28 10:55:4,3922839683,472105284668587501703282354615083327612675171117403773027491592082233248954885453498499
1818603,64,30.251170,6696,21.492804,2023-03-11 03:39:1,4013451363,1348028722680587564379151653681190201821834383099253876485718719788128925030339987915958293915747
1821810,32,30.018990,5978,21.912429,2023-03-16 17:35:0,991360323,305962095660880067424161330333603618576901780283765512754951753993728289439846510294339
1826951,64,30.578037,6778,21.567306,2023-03-25 23:13:1,2924149453,1848171524094069496801981294813468979421034524068406496910857284258817526804065344608480342506189
1831755,64,30.857559,6844,21.960226,2023-04-03 12:03:0,2246482707,2106730486430100645142351248853343087588583010002307019704934293668576058040259875677869156244243
1838164,25,31.345907,6104,22.129471,2023-04-14 13:20:3,8509553,3718136263770073666583124213187492175522299629103327791178245484086927226345424541809
1839331,64,30.287143,6710,22.153663,2023-04-16 13:34:0,447975373,1645399712572235807442483748375072622773820505780250525925319196094311473983366806555778824245197
1842070,25,30.221343,5882,22.045980,2023-04-21 08:11:5,30865737,3365281983628632165562053590204843636528662459573612485062626918608192785540219074889
1842956,25,30.579952,5944,22.087573,2023-04-22 20:25:0,21914757,2607961446912621829369190917299005672458277977577310250325086678908144262247200220293
1845709,508,30.870089,16340,22.042709,2023-04-27 17:21:0,6.16731526732453e+152,75608274888095956431808743639793171038982577020859799895932883929584913994410992093969854317620927367897958814772816030999670646961940347770355673523624656278273682628514162756234569951811556372840682324077957084918151505006198953
1848892,32,30.538838,6090,22.080498,2023-05-03 04:31:5,3773740019,403851550114611253042166750605291102090156674096881299501144434549368420047918084305907
1852137,32,30.528129,6090,22.000480,2023-05-08 19:16:1,3044114623,433113555909322292407291027355556571347689480040505710365388094477384596373151912394943
1853048,25,30.132968,5864,21.967746,2023-05-10 08:32:3,8085949,3277171095125441004961582991454642482399392702314965189694035796736618148228939604413
1854308,25,30.595862,5954,22.068885,2023-05-12 11:42:1,30469169,3268495184765165091503860166647293275011260126677081811037835171221780529084166630449
1855329,64,30.080919,6672,21.990765,2023-05-14 05:59:3,1290924547,2124568734659730549108853407697833736957798586777492473530864152135043604770327355983396309430787
1862600,32,30.899443,6166,22.038180,2023-05-26 17:53:1,1652688903,460990425735615043723827003846298261452282248347877373958176938642738271664762939115527
1867058,64,30.856658,6834,21.900439,2023-06-03 10:31:2,3050623357,1533469170114090607377106866823947268385984888577936332311238253028239981196737491262851037581693
1877815,32,30.760898,6122,21.722889,2023-06-22 20:59:5,1460318861,270899630511512882052574319958608715668423010980210966183155629912879080278069900653197
1879904,32,30.706992,6112,21.795591,2023-06-26 09:18:4,2842882439,277402679863947954701394351120853696362432116727392902003190078406399163590565694730631
1885700,32,30.084771,6000,22.073502,2023-07-06 08:37:3,1530142403,411291804899923234515406864939735669445787011685285808176774587810250181593909721046723
1885768,32,30.675567,6114,22.165242,2023-07-06 11:13:0,2177966341,363060488177652965526035204749330303789522784612199158475840003206933899538029572333829
1890836,32,30.157120,6018,21.870377,2023-07-15 06:03:4,89523865,462994262720365887895990563917872603031086999235303814643219689044933253188778060023449
1902035,64,30.195684,6694,21.832930,2023-08-03 04:33:3,2068656713,1894854200125071333094610203636953855106837311211543361575119566740038054038751694637644955595337
1903762,32,30.589518,6104,21.722301,2023-08-06 02:47:3,1161426201,458670059968741645447886353727014208865299236359313203798870206158791722454194715227417
1921014,25,31.236511,6084,21.141367,2023-09-04 15:49:0,31044511,3876478422451058247630057117681691516275671831880780521927027520615303610087482438559
1946794,25,30.182118,5858,20.129887,2023-10-19 16:16:4,28287509,1956755974635645360934257200685903418793472531478548753496391466132151011184141640213
1988152,32,30.068762,5998,21.374458,2023-12-27 17:08:2,2131534559,427936546106173779855703065395900894015557697095847004538973742028491436056043026424543
1988550,32,33.896433,6750,21.351417,2023-12-28 08:41:2,1111476069,304554069512166590998125797869786801677751267673311589590621422702755448803854974437221
2005788,32,30.646799,6108,21.301433,2024-01-28 05:47:1,2417596719,359920585658641548162179818372832310723376121010431991376951468950438367644561322907951
2116841,1024,30.649830,27180,18.463530,2024-09-16 20:05:5,1.1593232832340487e+308,13444173992590042246117748013453588745466771476098319952271474344351148812969103696992020223462381545103964139634756981651483162354634075844838016459581309896202234834685746636538802789042782376623336234151914284077153362931887922870059221251178187943398445416909679262642739288453486951488303482579708137465873051242531506787542749980210278009977421877910548248893134444731933257759773
2131569,64,30.305693,6710,20.836269,2024-10-14 16:04:5,623377565,1436739802519685291532902003239829716094864502649310883240098077406739831066100020989662039899293
2132057,32,30.244001,6036,20.869401,2024-10-15 15:24:0,593372585,473247904132593239629218488631807709089407425434335408592068041820292992192681672058281
2138399,64,30.882451,6834,21.113472,2024-10-27 09:12:1,691541045,1274504593588216474827021499728741937104626737035711430310925253598530692898901890704792236856373
2138977,64,31.118702,6900,21.017108,2024-10-28 09:58:3,852603653,1980688316991220933276114476437479585078460140919062445424199440132373836522104918520346363147013
2180503,25,34.942847,6792,19.925909,2025-01-10 20:21:5,25379401,2604908023083507363018589773569032917864328172767380695170658317067811377428427915849
2189256,32,30.256819,6026,20.068039,2025-01-26 05:58:4,2194358459,312489754332884680546580140527246869740862407858240473944523121330666702976560220815547
2202695,25,30.525882,5940,20.979882,2025-02-19 03:57:3,23344187,3227882028840138225659857816213080043347830681342460662838140503479168842934352360507
2252249,32,31.167231,6214,21.092317,2025-05-16 01:32:0,329074489,387192462592751568933561344854085007859226104948509756650679455597201877491559006291769
2254594,32,31.484611,6270,20.951835,2025-05-19 22:09:3,2218504493,307280690261968987162973442130864339453956748936959205012225384589422375498712685981997
2254682,64,31.476933,6974,21.158846,2025-05-20 00:34:5,948021881,1666798125252996978618728261235012076022409433158435111362829606096770950204473195596561294404217
2264651,32,30.309305,6042,20.910391,2025-06-05 19:44:5,1209257075,375242392834381823409614479442617240070791784805967093810112754485485673789960494500979
2272003,32,31.303280,6230,21.444873,2025-06-18 02:00:3,1830083405,271382944917194056238400632146922237683354400823221181419753624379490291637731963755341
2276109,32,30.063598,5996,21.394156,2025-06-24 21:37:0,244232779,414350527069132915979620641594023571494811904699450391714083888520049995067152617353803
2276780,64,30.577984,6780,21.492821,2025-06-25 23:39:1,356519403,1973857188035912633912120326103723081676150714656145644263566895742735292852480206764158325100011
2280992,32,30.670396,6116,21.475990,2025-07-02 23:27:4,3513019787,400767600948784674868786685361044594638833344244061361838907482477716508912423954312587
2296699,64,30.218616,6686,21.673937,2025-07-29 05:02:0,2977612183,1228962490343768439645014746863967098049757948966725137622376114323269645938126365251549724852631
2304076,64,31.995285,7088,21.624657,2025-08-10 09:28:2,1962901833,1623313603556237852657147645583491671349376940524871636411165763933849261510476659283836073378121
2304414,64,31.044430,6882,21.545560,2025-08-10 23:25:1,941108733,1885348944961606242385417203595381861159839551413156355243734224936009931474493179652202703629821
2304447,32,32.004324,6384,21.543092,2025-08-11 00:41:3,3101775505,426622669312749770398813231921869124263758109313891385080967052526189600544810059519633
2317345,32,30.944376,6160,20.839993,2025-09-01 07:45:2,3274515725,284211957868423159203339081447969149696691646515194519030493111885295649584808880579853
2336682,64,30.107043,6670,21.405348,2025-10-03 01:05:5,3082844059,1639964168830946766860564434889978041415365864292728132596677097198033286549432760955386997012379
2338793,64,30.043057,6662,21.414344,2025-10-06 12:05:4,3768578497,2014237042249334577068062845802758735753829443732207166985260282861378808971007034250903561433537
2357498,25,30.697725,5972,21.065379,2025-11-06 09:12:2,1734051,3080079407042245531372060199385708245774498566091833940637469145147688958314151572899
2368003,32,30.061714,5998,20.996669,2025-11-23 18:28:2,3778420847,448425745679403152370990597949003283737794189461423589744466841344113824977234968322159
2369754,32,30.063318,5996,21.080193,2025-11-26 15:40:4,2823063871,415119680686437930905639351605821885921235569154051558766487282276227897952111178320191
2376565,25,30.025948,5844,21.085214,2025-12-07 15:45:5,11297035,3368649772821414425827384954860339689377413842098312833313223820291343661114996842763
2387668,32,30.339861,6054,20.803744,2025-12-25 17:30:1,3042655821,455924494343998317480004756772892494964532539151383821012931470510786111289835155832397
2394601,25,31.111655,6040,19.913966,2026-01-17 08:55:4,22535573,2059195217043665618499534441126199362745545189421966783524154575922106278726593928597
2404511,32,31.641942,6312,20.874644,2026-02-03 22:33:4,413387165,430489168196988914693424279475521328983405778367467849918224282303417147810926188284317
2406386,32,30.649655,6106,20.814759,2026-02-06 23:13:0,2832602551,330980153148767835232733713149933564796332145279543672882529001341855464920612783658423
2413985,25,31.618195,6140,19.990556,2026-02-20 01:02:0,4898343,2170230332861508004296762171296209222691474091873301221737766457194381738785133739559
2426984,25,30.207648,5874,20.399744,2026-03-13 23:53:1,27033863,2820517079031626878593992503269838211567282550945075421511491352042744663806343676167
2433853,25,30.670436,5970,20.897026,2026-03-25 22:06:3,20126985,3430954197707618100914291511608595408071245114943481205301261066664155409224507268361
2467402,25,30.102082,5856,20.923909,2026-05-23 11:59:2,13756435,3067583852177062867058535009272849924525035821062879533677279680793637620381520095251
2475999,64,30.230797,6702,20.270271,2026-06-07 01:40:4,4121710025,1908441037574010136567537475345214458053769299423689920434167909155688015309795858642576410955209
2493787,64,31.119360,6898,20.960409,2026-07-09 00:47:24,4085827327,1848715144877518439244343750026914998126731832654517489274543668209125269920336747416563191695103
